[{
  "_id": {
    "$oid": "5e77a637eb00e1ac3894bcf3"
  },
  "category_name": "Human Resources Team",
  "category_desc": "Human Resources Team",
  "userId": null,
  "createdAt": {
    "$date": "2020-03-22T17:53:59.723Z"
  },
  "updatedAt": {
    "$date": "2020-03-22T17:54:08.852Z"
  },
  "__v": 0
},{
  "_id": {
    "$oid": "5e79e3aebf4e0d1a6981bc25"
  },
  "category_name": "Internal Systems Support Team",
  "category_desc": "Internal Systems Support Team",
  "userId": {
    "$oid": "5e79bdb8296822e4446d3262"
  },
  "createdAt": {
    "$date": "2020-03-24T10:40:46.938Z"
  },
  "updatedAt": {
    "$date": "2020-03-24T10:40:46.938Z"
  },
  "__v": 0
},{
  "_id": {
    "$oid": "5eac38b2b71101ef38fe6d91"
  },
  "category_name": "Management Team",
  "category_desc": "Management Team",
  "userId": {
    "$oid": "5e79bdb8296822e4446d3262"
  },
  "createdAt": {
    "$date": "2020-05-01T14:56:50.440Z"
  },
  "updatedAt": {
    "$date": "2020-05-01T14:56:50.440Z"
  },
  "__v": 0
},{
  "_id": {
    "$oid": "5eac38ccb71101ef38fe6d92"
  },
  "category_name": "Finance Team",
  "category_desc": "Finance Team",
  "userId": {
    "$oid": "5e79bdb8296822e4446d3262"
  },
  "createdAt": {
    "$date": "2020-05-01T14:57:16.969Z"
  },
  "updatedAt": {
    "$date": "2020-05-01T14:57:16.969Z"
  },
  "__v": 0
},{
  "_id": {
    "$oid": "5eac38f6b71101ef38fe6d93"
  },
  "category_name": "Office Administration",
  "category_desc": "Office Administration",
  "userId": {
    "$oid": "5e79bdb8296822e4446d3262"
  },
  "createdAt": {
    "$date": "2020-05-01T14:57:58.562Z"
  },
  "updatedAt": {
    "$date": "2020-05-01T14:57:58.562Z"
  },
  "__v": 0
},{
  "_id": {
    "$oid": "5eac3905b71101ef38fe6d94"
  },
  "category_name": "MSBI Team",
  "category_desc": "MSBI Team",
  "userId": {
    "$oid": "5e79bdb8296822e4446d3262"
  },
  "createdAt": {
    "$date": "2020-05-01T14:58:13.912Z"
  },
  "updatedAt": {
    "$date": "2020-05-01T14:58:13.912Z"
  },
  "__v": 0
},{
  "_id": {
    "$oid": "5eac3916b71101ef38fe6d95"
  },
  "category_name": "Peoplesoft Technical",
  "category_desc": "Peoplesoft Technical",
  "userId": {
    "$oid": "5e79bdb8296822e4446d3262"
  },
  "createdAt": {
    "$date": "2020-05-01T14:58:30.638Z"
  },
  "updatedAt": {
    "$date": "2020-05-01T14:58:30.638Z"
  },
  "__v": 0
},{
  "_id": {
    "$oid": "5eac3923b71101ef38fe6d96"
  },
  "category_name": "Security",
  "category_desc": "Security",
  "userId": {
    "$oid": "5e79bdb8296822e4446d3262"
  },
  "createdAt": {
    "$date": "2020-05-01T14:58:43.435Z"
  },
  "updatedAt": {
    "$date": "2020-05-01T14:58:43.435Z"
  },
  "__v": 0
},{
  "_id": {
    "$oid": "5eac393bb71101ef38fe6d97"
  },
  "category_name": "Housekeeping",
  "category_desc": "Housekeeping",
  "userId": {
    "$oid": "5e79bdb8296822e4446d3262"
  },
  "createdAt": {
    "$date": "2020-05-01T14:59:07.377Z"
  },
  "updatedAt": {
    "$date": "2020-05-01T14:59:07.377Z"
  },
  "__v": 0
},{
  "_id": {
    "$oid": "5eac39cbb71101ef38fe6d98"
  },
  "category_name": "Sales Team",
  "category_desc": "Sales Team",
  "userId": {
    "$oid": "5e79bdb8296822e4446d3262"
  },
  "createdAt": {
    "$date": "2020-05-01T15:01:31.501Z"
  },
  "updatedAt": {
    "$date": "2020-05-01T15:01:31.501Z"
  },
  "__v": 0
},{
  "_id": {
    "$oid": "5eac3af0b71101ef38fe6da2"
  },
  "category_name": "Oracle Team",
  "category_desc": "Oracle Team",
  "userId": {
    "$oid": "5e79bdb8296822e4446d3262"
  },
  "createdAt": {
    "$date": "2020-05-01T15:06:24.033Z"
  },
  "updatedAt": {
    "$date": "2020-05-01T15:06:24.033Z"
  },
  "__v": 0
},{
  "_id": {
    "$oid": "5eac3b15b71101ef38fe6da3"
  },
  "category_name": "Microsoft Team",
  "category_desc": "Microsoft Team",
  "userId": {
    "$oid": "5e79bdb8296822e4446d3262"
  },
  "createdAt": {
    "$date": "2020-05-01T15:07:01.656Z"
  },
  "updatedAt": {
    "$date": "2020-05-01T15:07:01.656Z"
  },
  "__v": 0
},{
  "_id": {
    "$oid": "5eac3b6cb71101ef38fe6da6"
  },
  "category_name": "Recruitment Team",
  "category_desc": "Recruitment Team",
  "userId": {
    "$oid": "5e79bdb8296822e4446d3262"
  },
  "createdAt": {
    "$date": "2020-05-01T15:08:28.554Z"
  },
  "updatedAt": {
    "$date": "2020-05-01T15:08:28.554Z"
  },
  "__v": 0
},{
  "_id": {
    "$oid": "5eac3bedb71101ef38fe6daa"
  },
  "category_name": "ERP Team",
  "category_desc": "ERP Team",
  "userId": {
    "$oid": "5e79bdb8296822e4446d3262"
  },
  "createdAt": {
    "$date": "2020-05-01T15:10:37.560Z"
  },
  "updatedAt": {
    "$date": "2020-05-01T15:10:37.560Z"
  },
  "__v": 0
}]