[{
  "_id": {
    "$oid": "5e79be50296822e4446d3267"
  },
  "status": "Active",
  "categoryId": {
    "$oid": "5e77a637eb00e1ac3894bcf3"
  },
  "subcategoryId": {
    "$oid": "5e79e617bf4e0d1a6981bc27"
  },
  "jobId": {
    "$oid": "5e79c7074abcb1124dbe100b"
  },
  "job_location": "Bangalore, India",
  "work_shift": "Full Day Work",
  "employment_status": "Full-Time Permanent",
  "job_specification": "Development",
  "join_date": {
    "$date": "2020-03-23T18:30:00Z"
  },
  "createdAt": {
    "$date": "2020-03-24T08:01:20.942Z"
  },
  "updatedAt": {
    "$date": "2020-04-02T11:39:11.766Z"
  },
  "__v": 0
},{
  "_id": {
    "$oid": "5e80e6adc86063828489bafe"
  },
  "status": "Active",
  "categoryId": {
    "$oid": "5e77a637eb00e1ac3894bcf3"
  },
  "subcategoryId": {
    "$oid": "5e79e617bf4e0d1a6981bc27"
  },
  "jobId": {
    "$oid": "5e7863ca777c46e720817b48"
  },
  "job_location": "Bangalore, India",
  "work_shift": "Full Day Work",
  "employment_status": "Full-Time Permanent",
  "job_specification": "Dev",
  "join_date": {
    "$date": "2020-03-28T18:30:00Z"
  },
  "createdAt": {
    "$date": "2020-03-29T18:19:25.414Z"
  },
  "updatedAt": {
    "$date": "2020-04-22T07:22:28.202Z"
  },
  "__v": 0
},{
  "_id": {
    "$oid": "5e8ad5256e6d297f8494be17"
  },
  "status": "Active",
  "categoryId": {
    "$oid": "5e77a637eb00e1ac3894bcf3"
  },
  "subcategoryId": {
    "$oid": "5e79e617bf4e0d1a6981bc27"
  },
  "jobId": {
    "$oid": "5e7863ca777c46e720817b48"
  },
  "job_location": "Bangalore, India",
  "work_shift": "Full Day Work",
  "employment_status": "Full-Time Permanent",
  "job_specification": "Dev",
  "join_date": {
    "$date": "2020-04-05T18:30:00Z"
  },
  "createdAt": {
    "$date": "2020-04-06T07:07:17.034Z"
  },
  "updatedAt": {
    "$date": "2020-04-06T07:18:19.606Z"
  },
  "__v": 0
},{
  "_id": {
    "$oid": "5ea2cecb26f63005159f0da0"
  },
  "status": "Active",
  "categoryId": {
    "$oid": "5e77a637eb00e1ac3894bcf3"
  },
  "subcategoryId": {
    "$oid": "5e79e617bf4e0d1a6981bc27"
  },
  "jobId": {
    "$oid": "5e7863ca777c46e720817b48"
  },
  "job_location": "Bangalore, India",
  "work_shift": "Full Day Work",
  "employment_status": "Full-Time Permanent",
  "job_specification": "Development",
  "join_date": {
    "$date": "2020-04-23T18:30:00Z"
  },
  "createdAt": {
    "$date": "2020-04-24T11:34:35.083Z"
  },
  "updatedAt": {
    "$date": "2020-04-24T14:15:10.517Z"
  },
  "__v": 0
}]