[{
  "_id": {
    "$oid": "5e7863ca777c46e720817b48"
  },
  "job_name": "Analyst",
  "job_desc": "Analyst",
  "userId": {
    "$oid": "5e79bdb8296822e4446d3262"
  },
  "createdAt": {
    "$date": "2020-03-23T07:22:50.610Z"
  },
  "updatedAt": {
    "$date": "2020-03-24T08:38:47.739Z"
  },
  "__v": 0
},{
  "_id": {
    "$oid": "5e79c7074abcb1124dbe100b"
  },
  "job_name": "Admin",
  "job_desc": "Admin Access",
  "userId": {
    "$oid": "5e79bdb8296822e4446d3262"
  },
  "createdAt": {
    "$date": "2020-03-24T08:38:31.122Z"
  },
  "updatedAt": {
    "$date": "2020-03-24T08:38:31.122Z"
  },
  "__v": 0
},{
  "_id": {
    "$oid": "5eac3c9bb71101ef38fe6daf"
  },
  "job_name": "Applications DBA",
  "job_desc": "Applications DBA",
  "userId": {
    "$oid": "5e79bdb8296822e4446d3262"
  },
  "createdAt": {
    "$date": "2020-05-01T15:13:31.616Z"
  },
  "updatedAt": {
    "$date": "2020-05-01T15:13:31.616Z"
  },
  "__v": 0
},{
  "_id": {
    "$oid": "5eac3ca6b71101ef38fe6db0"
  },
  "job_name": "Assistant Manager",
  "job_desc": "Assistant Manager",
  "userId": {
    "$oid": "5e79bdb8296822e4446d3262"
  },
  "createdAt": {
    "$date": "2020-05-01T15:13:42.160Z"
  },
  "updatedAt": {
    "$date": "2020-05-01T15:13:42.160Z"
  },
  "__v": 0
},{
  "_id": {
    "$oid": "5eac3cb2b71101ef38fe6db1"
  },
  "job_name": "Assistant Sales Manager",
  "job_desc": "Assistant Sales Manager",
  "userId": {
    "$oid": "5e79bdb8296822e4446d3262"
  },
  "createdAt": {
    "$date": "2020-05-01T15:13:54.085Z"
  },
  "updatedAt": {
    "$date": "2020-05-01T15:13:54.085Z"
  },
  "__v": 0
},{
  "_id": {
    "$oid": "5eac3cbeb71101ef38fe6db2"
  },
  "job_name": "Associate Consultant",
  "job_desc": "Associate Consultant",
  "userId": {
    "$oid": "5e79bdb8296822e4446d3262"
  },
  "createdAt": {
    "$date": "2020-05-01T15:14:06.397Z"
  },
  "updatedAt": {
    "$date": "2020-05-01T15:14:06.397Z"
  },
  "__v": 0
},{
  "_id": {
    "$oid": "5eac3ccbb71101ef38fe6db3"
  },
  "job_name": "Associate Developer",
  "job_desc": "Associate Developer",
  "userId": {
    "$oid": "5e79bdb8296822e4446d3262"
  },
  "createdAt": {
    "$date": "2020-05-01T15:14:19.168Z"
  },
  "updatedAt": {
    "$date": "2020-05-01T15:14:19.168Z"
  },
  "__v": 0
},{
  "_id": {
    "$oid": "5eac3cddb71101ef38fe6db4"
  },
  "job_name": "Chief Business Intelligence Architect",
  "job_desc": "Chief Business Intelligence Architect",
  "userId": {
    "$oid": "5e79bdb8296822e4446d3262"
  },
  "createdAt": {
    "$date": "2020-05-01T15:14:37.885Z"
  },
  "updatedAt": {
    "$date": "2020-05-01T15:14:37.885Z"
  },
  "__v": 0
},{
  "_id": {
    "$oid": "5eac3ce9b71101ef38fe6db5"
  },
  "job_name": "Consultant",
  "job_desc": "Consultant",
  "userId": {
    "$oid": "5e79bdb8296822e4446d3262"
  },
  "createdAt": {
    "$date": "2020-05-01T15:14:49.507Z"
  },
  "updatedAt": {
    "$date": "2020-05-01T15:14:49.507Z"
  },
  "__v": 0
},{
  "_id": {
    "$oid": "5eac3cf6b71101ef38fe6db6"
  },
  "job_name": "Delivery Manager",
  "job_desc": "Delivery Manager",
  "userId": {
    "$oid": "5e79bdb8296822e4446d3262"
  },
  "createdAt": {
    "$date": "2020-05-01T15:15:02.602Z"
  },
  "updatedAt": {
    "$date": "2020-05-01T15:15:02.602Z"
  },
  "__v": 0
},{
  "_id": {
    "$oid": "5eac3d02b71101ef38fe6db7"
  },
  "job_name": "Developer",
  "job_desc": "Developer",
  "userId": {
    "$oid": "5e79bdb8296822e4446d3262"
  },
  "createdAt": {
    "$date": "2020-05-01T15:15:14.716Z"
  },
  "updatedAt": {
    "$date": "2020-05-01T15:15:14.716Z"
  },
  "__v": 0
},{
  "_id": {
    "$oid": "5eac3d0cb71101ef38fe6db8"
  },
  "job_name": "Director",
  "job_desc": "Director",
  "userId": {
    "$oid": "5e79bdb8296822e4446d3262"
  },
  "createdAt": {
    "$date": "2020-05-01T15:15:24.965Z"
  },
  "updatedAt": {
    "$date": "2020-05-01T15:15:24.965Z"
  },
  "__v": 0
},{
  "_id": {
    "$oid": "5eac3d17b71101ef38fe6db9"
  },
  "job_name": "Executive",
  "job_desc": "Executive",
  "userId": {
    "$oid": "5e79bdb8296822e4446d3262"
  },
  "createdAt": {
    "$date": "2020-05-01T15:15:35.870Z"
  },
  "updatedAt": {
    "$date": "2020-05-01T15:15:35.870Z"
  },
  "__v": 0
},{
  "_id": {
    "$oid": "5eac3d23b71101ef38fe6dba"
  },
  "job_name": "Finance Manager",
  "job_desc": "Finance Manager",
  "userId": {
    "$oid": "5e79bdb8296822e4446d3262"
  },
  "createdAt": {
    "$date": "2020-05-01T15:15:47.726Z"
  },
  "updatedAt": {
    "$date": "2020-05-01T15:15:47.726Z"
  },
  "__v": 0
},{
  "_id": {
    "$oid": "5eac3d2fb71101ef38fe6dbb"
  },
  "job_name": "HR Admin",
  "job_desc": "HR Admin",
  "userId": {
    "$oid": "5e79bdb8296822e4446d3262"
  },
  "createdAt": {
    "$date": "2020-05-01T15:15:59.210Z"
  },
  "updatedAt": {
    "$date": "2020-05-01T15:15:59.210Z"
  },
  "__v": 0
},{
  "_id": {
    "$oid": "5eac3d3ab71101ef38fe6dbc"
  },
  "job_name": "HR Executive",
  "job_desc": "HR Executive",
  "userId": {
    "$oid": "5e79bdb8296822e4446d3262"
  },
  "createdAt": {
    "$date": "2020-05-01T15:16:10.353Z"
  },
  "updatedAt": {
    "$date": "2020-05-01T15:16:10.353Z"
  },
  "__v": 0
},{
  "_id": {
    "$oid": "5eac3d44b71101ef38fe6dbd"
  },
  "job_name": "HR Manager",
  "job_desc": "HR Manager",
  "userId": {
    "$oid": "5e79bdb8296822e4446d3262"
  },
  "createdAt": {
    "$date": "2020-05-01T15:16:20.951Z"
  },
  "updatedAt": {
    "$date": "2020-05-01T15:16:20.951Z"
  },
  "__v": 0
},{
  "_id": {
    "$oid": "5eac3d53b71101ef38fe6dbe"
  },
  "job_name": "Lead Analyst",
  "job_desc": "Lead Analyst",
  "userId": {
    "$oid": "5e79bdb8296822e4446d3262"
  },
  "createdAt": {
    "$date": "2020-05-01T15:16:35.956Z"
  },
  "updatedAt": {
    "$date": "2020-05-01T15:16:35.956Z"
  },
  "__v": 0
},{
  "_id": {
    "$oid": "5eac3d6ab71101ef38fe6dbf"
  },
  "job_name": "Lead Applications DBA",
  "job_desc": "Lead Applications DBA",
  "userId": {
    "$oid": "5e79bdb8296822e4446d3262"
  },
  "createdAt": {
    "$date": "2020-05-01T15:16:58.281Z"
  },
  "updatedAt": {
    "$date": "2020-05-01T15:16:58.281Z"
  },
  "__v": 0
},{
  "_id": {
    "$oid": "5eac3d75b71101ef38fe6dc0"
  },
  "job_name": "Lead Consultant",
  "job_desc": "Lead Consultant",
  "userId": {
    "$oid": "5e79bdb8296822e4446d3262"
  },
  "createdAt": {
    "$date": "2020-05-01T15:17:09.325Z"
  },
  "updatedAt": {
    "$date": "2020-05-01T15:17:09.325Z"
  },
  "__v": 0
},{
  "_id": {
    "$oid": "5eac3d80b71101ef38fe6dc1"
  },
  "job_name": "Manager",
  "job_desc": "Manager",
  "userId": {
    "$oid": "5e79bdb8296822e4446d3262"
  },
  "createdAt": {
    "$date": "2020-05-01T15:17:20.129Z"
  },
  "updatedAt": {
    "$date": "2020-05-01T15:17:20.129Z"
  },
  "__v": 0
},{
  "_id": {
    "$oid": "5eac3d98b71101ef38fe6dc2"
  },
  "job_name": "Manager - HR",
  "job_desc": "Manager - HR",
  "userId": {
    "$oid": "5e79bdb8296822e4446d3262"
  },
  "createdAt": {
    "$date": "2020-05-01T15:17:44.355Z"
  },
  "updatedAt": {
    "$date": "2020-05-01T15:17:44.355Z"
  },
  "__v": 0
},{
  "_id": {
    "$oid": "5eac3da7b71101ef38fe6dc3"
  },
  "job_name": "Market Research Executive",
  "job_desc": "Market Research Executive",
  "userId": {
    "$oid": "5e79bdb8296822e4446d3262"
  },
  "createdAt": {
    "$date": "2020-05-01T15:17:59.651Z"
  },
  "updatedAt": {
    "$date": "2020-05-01T15:17:59.651Z"
  },
  "__v": 0
},{
  "_id": {
    "$oid": "5eac3dbbb71101ef38fe6dc4"
  },
  "job_name": "Practice Head",
  "job_desc": "Practice Head",
  "userId": {
    "$oid": "5e79bdb8296822e4446d3262"
  },
  "createdAt": {
    "$date": "2020-05-01T15:18:19.532Z"
  },
  "updatedAt": {
    "$date": "2020-05-01T15:18:19.532Z"
  },
  "__v": 0
},{
  "_id": {
    "$oid": "5eac3dc6b71101ef38fe6dc5"
  },
  "job_name": "Principal Product Solution Manager",
  "job_desc": "Principal Product Solution Manager",
  "userId": {
    "$oid": "5e79bdb8296822e4446d3262"
  },
  "createdAt": {
    "$date": "2020-05-01T15:18:30.739Z"
  },
  "updatedAt": {
    "$date": "2020-05-01T15:18:30.739Z"
  },
  "__v": 0
},{
  "_id": {
    "$oid": "5eac3dd1b71101ef38fe6dc6"
  },
  "job_name": "Product solution Manager",
  "job_desc": "Product solution Manager",
  "userId": {
    "$oid": "5e79bdb8296822e4446d3262"
  },
  "createdAt": {
    "$date": "2020-05-01T15:18:41.673Z"
  },
  "updatedAt": {
    "$date": "2020-05-01T15:18:41.673Z"
  },
  "__v": 0
},{
  "_id": {
    "$oid": "5eac3ddcb71101ef38fe6dc7"
  },
  "job_name": "Program Manager",
  "job_desc": "Program Manager",
  "userId": {
    "$oid": "5e79bdb8296822e4446d3262"
  },
  "createdAt": {
    "$date": "2020-05-01T15:18:52.428Z"
  },
  "updatedAt": {
    "$date": "2020-05-01T15:18:52.428Z"
  },
  "__v": 0
},{
  "_id": {
    "$oid": "5eac3de6b71101ef38fe6dc8"
  },
  "job_name": "Sales Director",
  "job_desc": "Sales Director",
  "userId": {
    "$oid": "5e79bdb8296822e4446d3262"
  },
  "createdAt": {
    "$date": "2020-05-01T15:19:02.552Z"
  },
  "updatedAt": {
    "$date": "2020-05-01T15:19:02.552Z"
  },
  "__v": 0
},{
  "_id": {
    "$oid": "5eac3df0b71101ef38fe6dc9"
  },
  "job_name": "Sales Manager",
  "job_desc": "Sales Manager",
  "userId": {
    "$oid": "5e79bdb8296822e4446d3262"
  },
  "createdAt": {
    "$date": "2020-05-01T15:19:12.741Z"
  },
  "updatedAt": {
    "$date": "2020-05-01T15:19:12.741Z"
  },
  "__v": 0
},{
  "_id": {
    "$oid": "5eac3dfbb71101ef38fe6dca"
  },
  "job_name": "Senior Analyst",
  "job_desc": "Senior Analyst",
  "userId": {
    "$oid": "5e79bdb8296822e4446d3262"
  },
  "createdAt": {
    "$date": "2020-05-01T15:19:23.616Z"
  },
  "updatedAt": {
    "$date": "2020-05-01T15:19:23.616Z"
  },
  "__v": 0
},{
  "_id": {
    "$oid": "5eac3e05b71101ef38fe6dcb"
  },
  "job_name": "Senior Applications DBA",
  "job_desc": "Senior Applications DBA",
  "userId": {
    "$oid": "5e79bdb8296822e4446d3262"
  },
  "createdAt": {
    "$date": "2020-05-01T15:19:33.288Z"
  },
  "updatedAt": {
    "$date": "2020-05-01T15:19:33.288Z"
  },
  "__v": 0
},{
  "_id": {
    "$oid": "5eac3e12b71101ef38fe6dcc"
  },
  "job_name": "Senior Consultant",
  "job_desc": "Senior Consultant",
  "userId": {
    "$oid": "5e79bdb8296822e4446d3262"
  },
  "createdAt": {
    "$date": "2020-05-01T15:19:46.564Z"
  },
  "updatedAt": {
    "$date": "2020-05-01T15:19:46.564Z"
  },
  "__v": 0
},{
  "_id": {
    "$oid": "5eac3e22b71101ef38fe6dcd"
  },
  "job_name": "Senior Developer",
  "job_desc": "Senior Developer",
  "userId": {
    "$oid": "5e79bdb8296822e4446d3262"
  },
  "createdAt": {
    "$date": "2020-05-01T15:20:02.201Z"
  },
  "updatedAt": {
    "$date": "2020-05-01T15:20:02.201Z"
  },
  "__v": 0
},{
  "_id": {
    "$oid": "5eac3e33b71101ef38fe6dce"
  },
  "job_name": "Senior Executive",
  "job_desc": "Senior Executive",
  "userId": {
    "$oid": "5e79bdb8296822e4446d3262"
  },
  "createdAt": {
    "$date": "2020-05-01T15:20:19.347Z"
  },
  "updatedAt": {
    "$date": "2020-05-01T15:20:19.347Z"
  },
  "__v": 0
},{
  "_id": {
    "$oid": "5eac3e40b71101ef38fe6dcf"
  },
  "job_name": "Senior HR executive",
  "job_desc": "Senior HR executive",
  "userId": {
    "$oid": "5e79bdb8296822e4446d3262"
  },
  "createdAt": {
    "$date": "2020-05-01T15:20:32.458Z"
  },
  "updatedAt": {
    "$date": "2020-05-01T15:20:32.458Z"
  },
  "__v": 0
},{
  "_id": {
    "$oid": "5eac3e59b71101ef38fe6dd0"
  },
  "job_name": "Senior Lead Applications DBA",
  "job_desc": "Senior Lead Applications DBA",
  "userId": {
    "$oid": "5e79bdb8296822e4446d3262"
  },
  "createdAt": {
    "$date": "2020-05-01T15:20:57.284Z"
  },
  "updatedAt": {
    "$date": "2020-05-01T15:20:57.284Z"
  },
  "__v": 0
},{
  "_id": {
    "$oid": "5eac3e66b71101ef38fe6dd1"
  },
  "job_name": "Senior Lead Consultant",
  "job_desc": "Senior Lead Consultant",
  "userId": {
    "$oid": "5e79bdb8296822e4446d3262"
  },
  "createdAt": {
    "$date": "2020-05-01T15:21:10.445Z"
  },
  "updatedAt": {
    "$date": "2020-05-01T15:21:10.445Z"
  },
  "__v": 0
},{
  "_id": {
    "$oid": "5eac3e71b71101ef38fe6dd2"
  },
  "job_name": "Senior Product Solution Manager",
  "job_desc": "Senior Product Solution Manager",
  "userId": {
    "$oid": "5e79bdb8296822e4446d3262"
  },
  "createdAt": {
    "$date": "2020-05-01T15:21:21.603Z"
  },
  "updatedAt": {
    "$date": "2020-05-01T15:21:21.603Z"
  },
  "__v": 0
},{
  "_id": {
    "$oid": "5eac3e7cb71101ef38fe6dd3"
  },
  "job_name": "Senior Project Manager",
  "job_desc": "Senior Project Manager",
  "userId": {
    "$oid": "5e79bdb8296822e4446d3262"
  },
  "createdAt": {
    "$date": "2020-05-01T15:21:32.134Z"
  },
  "updatedAt": {
    "$date": "2020-05-01T15:21:32.134Z"
  },
  "__v": 0
},{
  "_id": {
    "$oid": "5eac3e8ab71101ef38fe6dd4"
  },
  "job_name": "Senior Software Engineer",
  "job_desc": "Senior Software Engineer",
  "userId": {
    "$oid": "5e79bdb8296822e4446d3262"
  },
  "createdAt": {
    "$date": "2020-05-01T15:21:46.145Z"
  },
  "updatedAt": {
    "$date": "2020-05-01T15:21:46.145Z"
  },
  "__v": 0
},{
  "_id": {
    "$oid": "5eac3e9eb71101ef38fe6dd5"
  },
  "job_name": "Senior Support QA Analyst ",
  "job_desc": "Senior Support QA Analyst ",
  "userId": {
    "$oid": "5e79bdb8296822e4446d3262"
  },
  "createdAt": {
    "$date": "2020-05-01T15:22:06.768Z"
  },
  "updatedAt": {
    "$date": "2020-05-01T15:22:06.768Z"
  },
  "__v": 0
},{
  "_id": {
    "$oid": "5eac3eacb71101ef38fe6dd6"
  },
  "job_name": "Senior Technical Architect",
  "job_desc": "Senior Technical Architect",
  "userId": {
    "$oid": "5e79bdb8296822e4446d3262"
  },
  "createdAt": {
    "$date": "2020-05-01T15:22:20.649Z"
  },
  "updatedAt": {
    "$date": "2020-05-01T15:22:20.649Z"
  },
  "__v": 0
},{
  "_id": {
    "$oid": "5eac3eb9b71101ef38fe6dd7"
  },
  "job_name": "Trainee Consultant",
  "job_desc": "Trainee Consultant",
  "userId": {
    "$oid": "5e79bdb8296822e4446d3262"
  },
  "createdAt": {
    "$date": "2020-05-01T15:22:33.291Z"
  },
  "updatedAt": {
    "$date": "2020-05-01T15:22:33.291Z"
  },
  "__v": 0
},{
  "_id": {
    "$oid": "5eac3ec4b71101ef38fe6dd8"
  },
  "job_name": "Trainee developer",
  "job_desc": "Trainee developer",
  "userId": {
    "$oid": "5e79bdb8296822e4446d3262"
  },
  "createdAt": {
    "$date": "2020-05-01T15:22:44.669Z"
  },
  "updatedAt": {
    "$date": "2020-05-01T15:22:44.669Z"
  },
  "__v": 0
}]