[{
  "_id": {
    "$oid": "5e7b39266eb876bcd073664e"
  },
  "leave_type": "Annual",
  "leave_desc": "If unused, your days of leave will expire this year.",
  "no_of_days": 20,
  "userId": {
    "$oid": "5e79bdb8296822e4446d3262"
  },
  "createdAt": {
    "$date": "2020-03-25T10:57:42.823Z"
  },
  "updatedAt": {
    "$date": "2020-05-02T10:55:54.098Z"
  },
  "leave_type_id": "1",
  "__v": 0,
  "any_validation": false,
  "message": null,
  "carry_forward": 10
},{
  "_id": {
    "$oid": "5e7b39646eb876bcd073664f"
  },
  "leave_type": "Comp off",
  "leave_desc": "Comp off",
  "no_of_days": 0,
  "userId": {
    "$oid": "5e79bdb8296822e4446d3262"
  },
  "createdAt": {
    "$date": "2020-03-25T10:58:44.371Z"
  },
  "updatedAt": {
    "$date": "2020-05-02T10:55:46.510Z"
  },
  "leave_type_id": "2",
  "__v": 0,
  "any_validation": true,
  "message": "Only 1 Days of Consecutive Leave Are Allowed for Comp off.",
  "carry_forward": 0
},{
  "_id": {
    "$oid": "5e7b39766eb876bcd0736650"
  },
  "leave_type": "Maternity Leave",
  "leave_desc": "Maternity Leave",
  "no_of_days": 0,
  "userId": {
    "$oid": "5e79bdb8296822e4446d3262"
  },
  "createdAt": {
    "$date": "2020-03-25T10:59:02.632Z"
  },
  "updatedAt": {
    "$date": "2020-05-02T10:55:41.190Z"
  },
  "leave_type_id": "4",
  "__v": 0,
  "any_validation": false,
  "carry_forward": 0,
  "message": null
},{
  "_id": {
    "$oid": "5e7b39886eb876bcd0736651"
  },
  "leave_type": "Optional Holiday",
  "leave_desc": "Optional Holiday",
  "no_of_days": 2,
  "userId": {
    "$oid": "5e79bdb8296822e4446d3262"
  },
  "createdAt": {
    "$date": "2020-03-25T10:59:20.192Z"
  },
  "updatedAt": {
    "$date": "2020-05-02T10:55:34.391Z"
  },
  "leave_type_id": "3",
  "__v": 0,
  "any_validation": true,
  "message": "You can take only 1 day at a time.",
  "carry_forward": 0
},{
  "_id": {
    "$oid": "5e7b39996eb876bcd0736652"
  },
  "leave_type": "Paternity",
  "leave_desc": "Paternity",
  "no_of_days": 0,
  "userId": {
    "$oid": "5e79bdb8296822e4446d3262"
  },
  "createdAt": {
    "$date": "2020-03-25T10:59:37.998Z"
  },
  "updatedAt": {
    "$date": "2020-05-02T10:55:28.600Z"
  },
  "leave_type_id": "5",
  "__v": 0,
  "any_validation": true,
  "message": "Only 7 Days of Consecutive Leave Are Allowed for Paternity.",
  "carry_forward": 0
},{
  "_id": {
    "$oid": "5e7c6a850c3107fe28c32899"
  },
  "leave_type": "Work From Home",
  "leave_desc": "Work From Home",
  "no_of_days": 0,
  "userId": {
    "$oid": "5e79bdb8296822e4446d3262"
  },
  "createdAt": {
    "$date": "2020-03-26T08:40:38.410Z"
  },
  "updatedAt": {
    "$date": "2020-05-02T10:55:21.360Z"
  },
  "leave_type_id": "6",
  "__v": 0,
  "any_validation": false,
  "carry_forward": 0,
  "message": null
}]