[{
  "_id": {
    "$oid": "5ea3f093b7ea5f6b3429516d"
  },
  "assignedUsers": [
    {
      "_id": "5e8ad5246e6d297f8494be16",
      "email": "jyotheeswar.chowdary@smarterp.com",
      "first_name": "Jyotheeswar Chowdary",
      "last_name": "G"
    },
    {
      "_id": "5e79bdb8296822e4446d3262",
      "email": "admin@orange.com",
      "first_name": "Admin",
      "last_name": "Admin"
    },
    {
      "_id": "5ea2ceca26f63005159f0d9f",
      "email": "chowdary716@gmail.com",
      "first_name": "chowdary",
      "last_name": "g"
    }
  ],
  "status": null,
  "project_name": "helooo",
  "project_desc": "helooo",
  "createdBy": {
    "$oid": "5e8ad5246e6d297f8494be16"
  },
  "updatedBy": null,
  "userId": null,
  "createdAt": {
    "$date": "2020-04-25T08:10:59.645Z"
  },
  "updatedAt": {
    "$date": "2020-04-28T07:54:44.973Z"
  },
  "__v": 0
}]