[{
  "_id": {
    "$oid": "5e7736a773a0a4ebf09c3d47"
  },
  "role_desc": "Root access to application.",
  "role_name": "Admin",
  "createdAt": {
    "$date": "2020-03-22T09:57:59.360Z"
  },
  "updatedAt": {
    "$date": "2020-03-22T10:10:30.281Z"
  },
  "role_id": 1,
  "__v": 0
},{
  "_id": {
    "$oid": "5e788a5e8f52ec10d85e5a4f"
  },
  "role_desc": "Manager",
  "role_name": "Manager",
  "createdAt": {
    "$date": "2020-03-23T10:07:26.900Z"
  },
  "updatedAt": {
    "$date": "2020-03-24T17:04:13.279Z"
  },
  "role_id": 2,
  "__v": 0
},{
  "_id": {
    "$oid": "5e7a3e2aaa78332b20da1cb2"
  },
  "role_desc": "Employe",
  "role_name": "Employe",
  "createdAt": {
    "$date": "2020-03-24T17:06:50.267Z"
  },
  "updatedAt": {
    "$date": "2020-03-24T17:06:50.267Z"
  },
  "role_id": 3,
  "__v": 0
}]