[{
  "_id": {
    "$oid": "5e79e5fcbf4e0d1a6981bc26"
  },
  "sub_category_name": "Finance",
  "sub_category_desc": "Finance",
  "categoryId": {
    "$oid": "5eac38ccb71101ef38fe6d92"
  },
  "userId": {
    "$oid": "5e79bdb8296822e4446d3262"
  },
  "createdAt": {
    "$date": "2020-03-24T10:50:36.561Z"
  },
  "updatedAt": {
    "$date": "2020-05-01T15:02:21.099Z"
  },
  "__v": 0
},{
  "_id": {
    "$oid": "5e79e617bf4e0d1a6981bc27"
  },
  "sub_category_name": "Sales",
  "sub_category_desc": "Sales",
  "categoryId": {
    "$oid": "5eac39cbb71101ef38fe6d98"
  },
  "userId": {
    "$oid": "5e79bdb8296822e4446d3262"
  },
  "createdAt": {
    "$date": "2020-03-24T10:51:03.419Z"
  },
  "updatedAt": {
    "$date": "2020-05-01T15:02:14.700Z"
  },
  "__v": 0
},{
  "_id": {
    "$oid": "5eac3a1bb71101ef38fe6d99"
  },
  "sub_category_name": "Administration",
  "sub_category_desc": "Administration",
  "categoryId": {
    "$oid": "5eac38f6b71101ef38fe6d93"
  },
  "userId": {
    "$oid": "5e79bdb8296822e4446d3262"
  },
  "createdAt": {
    "$date": "2020-05-01T15:02:51.132Z"
  },
  "updatedAt": {
    "$date": "2020-05-01T15:02:51.132Z"
  },
  "__v": 0
},{
  "_id": {
    "$oid": "5eac3a31b71101ef38fe6d9a"
  },
  "sub_category_name": "Delivery",
  "sub_category_desc": "Delivery",
  "categoryId": {
    "$oid": "5eac38b2b71101ef38fe6d91"
  },
  "userId": {
    "$oid": "5e79bdb8296822e4446d3262"
  },
  "createdAt": {
    "$date": "2020-05-01T15:03:13.838Z"
  },
  "updatedAt": {
    "$date": "2020-05-01T15:03:13.838Z"
  },
  "__v": 0
},{
  "_id": {
    "$oid": "5eac3a49b71101ef38fe6d9b"
  },
  "sub_category_name": "PeopleSoft",
  "sub_category_desc": "PeopleSoft",
  "categoryId": {
    "$oid": "5eac3916b71101ef38fe6d95"
  },
  "userId": {
    "$oid": "5e79bdb8296822e4446d3262"
  },
  "createdAt": {
    "$date": "2020-05-01T15:03:37.609Z"
  },
  "updatedAt": {
    "$date": "2020-05-01T15:03:37.609Z"
  },
  "__v": 0
},{
  "_id": {
    "$oid": "5eac3a63b71101ef38fe6d9c"
  },
  "sub_category_name": "BI",
  "sub_category_desc": "BI",
  "categoryId": {
    "$oid": "5eac3905b71101ef38fe6d94"
  },
  "userId": {
    "$oid": "5e79bdb8296822e4446d3262"
  },
  "createdAt": {
    "$date": "2020-05-01T15:04:03.085Z"
  },
  "updatedAt": {
    "$date": "2020-05-01T15:04:03.085Z"
  },
  "__v": 0
},{
  "_id": {
    "$oid": "5eac3a78b71101ef38fe6d9d"
  },
  "sub_category_name": "ADA",
  "sub_category_desc": "ADA",
  "categoryId": {
    "$oid": "5eac38f6b71101ef38fe6d93"
  },
  "userId": {
    "$oid": "5e79bdb8296822e4446d3262"
  },
  "createdAt": {
    "$date": "2020-05-01T15:04:24.504Z"
  },
  "updatedAt": {
    "$date": "2020-05-01T15:04:24.504Z"
  },
  "__v": 0
},{
  "_id": {
    "$oid": "5eac3a89b71101ef38fe6d9e"
  },
  "sub_category_name": "HR",
  "sub_category_desc": "HR",
  "categoryId": {
    "$oid": "5e77a637eb00e1ac3894bcf3"
  },
  "userId": {
    "$oid": "5e79bdb8296822e4446d3262"
  },
  "createdAt": {
    "$date": "2020-05-01T15:04:41.633Z"
  },
  "updatedAt": {
    "$date": "2020-05-01T15:04:41.633Z"
  },
  "__v": 0
},{
  "_id": {
    "$oid": "5eac3aa0b71101ef38fe6d9f"
  },
  "sub_category_name": "MGT",
  "sub_category_desc": "MGT",
  "categoryId": {
    "$oid": "5eac38f6b71101ef38fe6d93"
  },
  "userId": {
    "$oid": "5e79bdb8296822e4446d3262"
  },
  "createdAt": {
    "$date": "2020-05-01T15:05:04.612Z"
  },
  "updatedAt": {
    "$date": "2020-05-01T15:05:04.612Z"
  },
  "__v": 0
},{
  "_id": {
    "$oid": "5eac3abeb71101ef38fe6da0"
  },
  "sub_category_name": "SUPPORT",
  "sub_category_desc": "SUPPORT",
  "categoryId": {
    "$oid": "5e79e3aebf4e0d1a6981bc25"
  },
  "userId": {
    "$oid": "5e79bdb8296822e4446d3262"
  },
  "createdAt": {
    "$date": "2020-05-01T15:05:34.484Z"
  },
  "updatedAt": {
    "$date": "2020-05-01T15:05:34.484Z"
  },
  "__v": 0
},{
  "_id": {
    "$oid": "5eac3addb71101ef38fe6da1"
  },
  "sub_category_name": "Oracle Apps",
  "sub_category_desc": "Oracle Apps",
  "categoryId": {
    "$oid": "5eac3af0b71101ef38fe6da2"
  },
  "userId": {
    "$oid": "5e79bdb8296822e4446d3262"
  },
  "createdAt": {
    "$date": "2020-05-01T15:06:05.943Z"
  },
  "updatedAt": {
    "$date": "2020-05-01T15:06:36.030Z"
  },
  "__v": 0
},{
  "_id": {
    "$oid": "5eac3b20b71101ef38fe6da4"
  },
  "sub_category_name": "Microsoft",
  "sub_category_desc": "Microsoft",
  "categoryId": {
    "$oid": "5eac3b15b71101ef38fe6da3"
  },
  "userId": {
    "$oid": "5e79bdb8296822e4446d3262"
  },
  "createdAt": {
    "$date": "2020-05-01T15:07:12.922Z"
  },
  "updatedAt": {
    "$date": "2020-05-01T15:07:12.922Z"
  },
  "__v": 0
},{
  "_id": {
    "$oid": "5eac3b43b71101ef38fe6da5"
  },
  "sub_category_name": "US-SALES",
  "sub_category_desc": "US-SALES",
  "categoryId": {
    "$oid": "5eac39cbb71101ef38fe6d98"
  },
  "userId": {
    "$oid": "5e79bdb8296822e4446d3262"
  },
  "createdAt": {
    "$date": "2020-05-01T15:07:47.280Z"
  },
  "updatedAt": {
    "$date": "2020-05-01T15:07:47.280Z"
  },
  "__v": 0
},{
  "_id": {
    "$oid": "5eac3b78b71101ef38fe6da7"
  },
  "sub_category_name": "US Recruitment",
  "sub_category_desc": "US recruitment",
  "categoryId": {
    "$oid": "5eac3b6cb71101ef38fe6da6"
  },
  "userId": {
    "$oid": "5e79bdb8296822e4446d3262"
  },
  "createdAt": {
    "$date": "2020-05-01T15:08:40.992Z"
  },
  "updatedAt": {
    "$date": "2020-05-01T15:08:40.992Z"
  },
  "__v": 0
},{
  "_id": {
    "$oid": "5eac3ba2b71101ef38fe6da8"
  },
  "sub_category_name": "Marketing",
  "sub_category_desc": "Marketing",
  "categoryId": {
    "$oid": "5eac39cbb71101ef38fe6d98"
  },
  "userId": {
    "$oid": "5e79bdb8296822e4446d3262"
  },
  "createdAt": {
    "$date": "2020-05-01T15:09:22.881Z"
  },
  "updatedAt": {
    "$date": "2020-05-01T15:09:22.881Z"
  },
  "__v": 0
},{
  "_id": {
    "$oid": "5eac3bb9b71101ef38fe6da9"
  },
  "sub_category_name": "Oracle Cloud",
  "sub_category_desc": "Oracle Cloud",
  "categoryId": {
    "$oid": "5eac3af0b71101ef38fe6da2"
  },
  "userId": {
    "$oid": "5e79bdb8296822e4446d3262"
  },
  "createdAt": {
    "$date": "2020-05-01T15:09:45.863Z"
  },
  "updatedAt": {
    "$date": "2020-05-01T15:09:45.863Z"
  },
  "__v": 0
},{
  "_id": {
    "$oid": "5eac3bfab71101ef38fe6dab"
  },
  "sub_category_name": "Netsuite",
  "sub_category_desc": "Netsuite",
  "categoryId": {
    "$oid": "5eac3bedb71101ef38fe6daa"
  },
  "userId": {
    "$oid": "5e79bdb8296822e4446d3262"
  },
  "createdAt": {
    "$date": "2020-05-01T15:10:50.880Z"
  },
  "updatedAt": {
    "$date": "2020-05-01T15:10:50.880Z"
  },
  "__v": 0
},{
  "_id": {
    "$oid": "5eac3c17b71101ef38fe6dac"
  },
  "sub_category_name": "Taleo",
  "sub_category_desc": "Taleo",
  "categoryId": {
    "$oid": "5eac3af0b71101ef38fe6da2"
  },
  "userId": {
    "$oid": "5e79bdb8296822e4446d3262"
  },
  "createdAt": {
    "$date": "2020-05-01T15:11:19.188Z"
  },
  "updatedAt": {
    "$date": "2020-05-01T15:11:19.188Z"
  },
  "__v": 0
},{
  "_id": {
    "$oid": "5eac3c30b71101ef38fe6dad"
  },
  "sub_category_name": "Business Intelligence",
  "sub_category_desc": "Business Intelligence",
  "categoryId": {
    "$oid": "5eac38b2b71101ef38fe6d91"
  },
  "userId": {
    "$oid": "5e79bdb8296822e4446d3262"
  },
  "createdAt": {
    "$date": "2020-05-01T15:11:44.770Z"
  },
  "updatedAt": {
    "$date": "2020-05-01T15:11:44.770Z"
  },
  "__v": 0
},{
  "_id": {
    "$oid": "5eac3c45b71101ef38fe6dae"
  },
  "sub_category_name": "Oracle ADF",
  "sub_category_desc": "Oracle ADF",
  "categoryId": {
    "$oid": "5eac3af0b71101ef38fe6da2"
  },
  "userId": {
    "$oid": "5e79bdb8296822e4446d3262"
  },
  "createdAt": {
    "$date": "2020-05-01T15:12:05.171Z"
  },
  "updatedAt": {
    "$date": "2020-05-01T15:12:05.171Z"
  },
  "__v": 0
},{
  "_id": {
    "$oid": "5eac3f47b71101ef38fe6dd9"
  },
  "sub_category_name": "Housekeeping",
  "sub_category_desc": "Housekeeping",
  "categoryId": {
    "$oid": "5eac393bb71101ef38fe6d97"
  },
  "userId": {
    "$oid": "5e79bdb8296822e4446d3262"
  },
  "createdAt": {
    "$date": "2020-05-01T15:24:55.268Z"
  },
  "updatedAt": {
    "$date": "2020-05-01T15:24:55.268Z"
  },
  "__v": 0
},{
  "_id": {
    "$oid": "5eac3f58b71101ef38fe6dda"
  },
  "sub_category_name": "Security",
  "sub_category_desc": "Security",
  "categoryId": {
    "$oid": "5eac3923b71101ef38fe6d96"
  },
  "userId": {
    "$oid": "5e79bdb8296822e4446d3262"
  },
  "createdAt": {
    "$date": "2020-05-01T15:25:12.730Z"
  },
  "updatedAt": {
    "$date": "2020-05-01T15:25:12.730Z"
  },
  "__v": 0
}]