[{
  "_id": {
    "$oid": "5ea3f97278f4faf62cb88c1c"
  },
  "assignedUsers": [
    {
      "_id": "5ea2ceca26f63005159f0d9f",
      "email": "chowdary716@gmail.com",
      "first_name": "chowdary",
      "last_name": "g"
    },
    {
      "_id": "5e8ad5246e6d297f8494be16",
      "email": "jyotheeswar.chowdary@smarterp.com",
      "first_name": "Jyotheeswar Chowdary",
      "last_name": "G"
    }
  ],
  "tags": [
    {
      "color": "#f44336",
      "name": "Backend"
    },
    {
      "color": "#ffb300",
      "name": "API"
    }
  ],
  "status": "To Do",
  "task_priority": true,
  "starred": false,
  "task_name": " Vivamus leo metus, posuere non bibendum vel, ultrnsequat ut. Suspendisse potenti.",
  "task_desc": "Curabitur mollis pellentesque elit id gravida.",
  "start_date": {
    "$date": "2020-05-02T18:30:00Z"
  },
  "end_date": {
    "$date": "2020-05-13T18:30:00Z"
  },
  "createdBy": {
    "$oid": "5e8ad5246e6d297f8494be16"
  },
  "projectId": {
    "$oid": "5ea3f093b7ea5f6b3429516d"
  },
  "ticketId": {
    "$oid": "5ea3f10fb7ea5f6b3429516e"
  },
  "userId": {
    "$oid": "5e8ad5246e6d297f8494be16"
  },
  "createdAt": {
    "$date": "2020-04-25T08:48:50.535Z"
  },
  "updatedAt": {
    "$date": "2020-05-03T11:11:58.466Z"
  },
  "__v": 0,
  "updatedBy": {
    "$oid": "5e79bdb8296822e4446d3262"
  }
},{
  "_id": {
    "$oid": "5ea7e204cbac1ddad823a778"
  },
  "assignedUsers": [
    {
      "_id": "5ea2ceca26f63005159f0d9f",
      "email": "chowdary716@gmail.com",
      "first_name": "chowdary",
      "last_name": "g"
    }
  ],
  "tags": [
    {
      "color": "#f44336",
      "name": "Backend"
    },
    {
      "color": "#ffb300",
      "name": "API"
    },
    {
      "color": "#0729ca",
      "name": "Issue"
    }
  ],
  "status": "Done",
  "task_priority": false,
  "starred": false,
  "task_name": "Curabitur mollis pellentesque elit id gravida. Vivamus leo metus, posuere non bibendum vel, ultrnsequat ut. Suspendisse potenti.",
  "task_desc": "Curabitur mollis pellentesque elit id gravida. Vivamus leo metus, posuere non bibendum vel, ultrnsequat ut. Suspendisse potenti.",
  "start_date": {
    "$date": "2020-05-02T18:30:00Z"
  },
  "end_date": {
    "$date": "2020-05-02T18:30:00Z"
  },
  "createdBy": {
    "$oid": "5ea2ceca26f63005159f0d9f"
  },
  "projectId": {
    "$oid": "5ea3f093b7ea5f6b3429516d"
  },
  "ticketId": {
    "$oid": "5ea3f10fb7ea5f6b3429516e"
  },
  "userId": {
    "$oid": "5ea2ceca26f63005159f0d9f"
  },
  "createdAt": {
    "$date": "2020-04-28T07:57:56.700Z"
  },
  "updatedAt": {
    "$date": "2020-05-03T11:33:38.712Z"
  },
  "__v": 0,
  "updatedBy": {
    "$oid": "5e79bdb8296822e4446d3262"
  }
},{
  "_id": {
    "$oid": "5eae5bda8d4da1b6281c8d0b"
  },
  "assignedUsers": [
    {
      "_id": "5e79bdb8296822e4446d3262",
      "email": "admin@orange.com",
      "first_name": "Admin",
      "last_name": "Admin"
    }
  ],
  "tags": [
    {
      "color": "#f44336",
      "name": "Backend"
    },
    {
      "color": "#ffb300",
      "name": "API"
    }
  ],
  "status": "Done",
  "task_priority": false,
  "starred": true,
  "task_name": " Proin eget justo id metus varius tristique non blandit augue. Vivamus varius nisl in mi consequat fermentum. Curabitur mollis pellentesque elit id gravida. Vivamus leo metus, posuere non bibendum vel, ultrnsequat ut. Suspendisse potenti.",
  "task_desc": " Proin eget justo id metus varius tristique non blandit augue. Vivamus varius nisl in mi consequat fermentum. Curabitur mollis pellentesque elit id gravida. Vivamus leo metus, posuere non bibendum vel, ultrnsequat ut. Suspendisse potenti.",
  "start_date": {
    "$date": "2020-05-02T18:30:00Z"
  },
  "end_date": {
    "$date": "2020-05-02T18:30:00Z"
  },
  "createdBy": {
    "$oid": "5e79bdb8296822e4446d3262"
  },
  "projectId": {
    "$oid": "5ea3f093b7ea5f6b3429516d"
  },
  "ticketId": {
    "$oid": "5ea3f10fb7ea5f6b3429516e"
  },
  "userId": {
    "$oid": "5e79bdb8296822e4446d3262"
  },
  "createdAt": {
    "$date": "2020-05-03T05:51:22.160Z"
  },
  "updatedAt": {
    "$date": "2020-05-04T08:06:50.712Z"
  },
  "__v": 0,
  "updatedBy": {
    "$oid": "5e79bdb8296822e4446d3262"
  }
},{
  "_id": {
    "$oid": "5eae5c098d4da1b6281c8d0c"
  },
  "assignedUsers": [
    {
      "_id": "5e8ad5246e6d297f8494be16",
      "email": "jyotheeswar.chowdary@smarterp.com",
      "first_name": "Jyotheeswar Chowdary",
      "last_name": "G"
    },
    {
      "_id": "5ea2ceca26f63005159f0d9f",
      "email": "chowdary716@gmail.com",
      "first_name": "chowdary",
      "last_name": "g"
    }
  ],
  "tags": [],
  "status": "To Do",
  "task_priority": false,
  "starred": true,
  "task_name": " Proin eget justo id metus varius tristique non blandit augue. ",
  "task_desc": " Proin eget justo id metus varius tristique non blandit augue. ",
  "start_date": {
    "$date": "2020-05-02T18:30:00Z"
  },
  "end_date": {
    "$date": "2020-05-02T18:30:00Z"
  },
  "createdBy": {
    "$oid": "5e79bdb8296822e4446d3262"
  },
  "projectId": {
    "$oid": "5ea3f093b7ea5f6b3429516d"
  },
  "ticketId": {
    "$oid": "5ea3f10fb7ea5f6b3429516e"
  },
  "userId": {
    "$oid": "5e79bdb8296822e4446d3262"
  },
  "createdAt": {
    "$date": "2020-05-03T05:52:09.239Z"
  },
  "updatedAt": {
    "$date": "2020-05-03T07:43:03.683Z"
  },
  "__v": 0,
  "updatedBy": {
    "$oid": "5e79bdb8296822e4446d3262"
  }
},{
  "_id": {
    "$oid": "5eaea6aeb929705cac952092"
  },
  "assignedUsers": [
    {
      "_id": "5ea2ceca26f63005159f0d9f",
      "email": "chowdary716@gmail.com",
      "first_name": "chowdary",
      "last_name": "g"
    },
    {
      "_id": "5e79bdb8296822e4446d3262",
      "email": "admin@orange.com",
      "first_name": "Admin",
      "last_name": "Admin"
    }
  ],
  "tags": [
    {
      "color": "#f44336",
      "name": "Backend"
    },
    {
      "color": "#ffb300",
      "name": "API"
    }
  ],
  "status": "To Do",
  "task_priority": true,
  "starred": false,
  "task_name": "Vivamus leo metus, posuere non bibendum vel, ultrnsequat ut. Suspendisse potenti.",
  "task_desc": "Vivamus leo posuere non bibendum vel metus, posuere non bibendum vel, ultrnsequat ut. posuere non bibendum vel Suspendisse potenti.",
  "start_date": {
    "$date": "2020-05-02T18:30:00Z"
  },
  "end_date": {
    "$date": "2020-05-12T18:30:00Z"
  },
  "createdBy": {
    "$oid": "5e79bdb8296822e4446d3262"
  },
  "projectId": {
    "$oid": "5ea3f093b7ea5f6b3429516d"
  },
  "ticketId": {
    "$oid": "5ea3f10fb7ea5f6b3429516e"
  },
  "userId": {
    "$oid": "5e79bdb8296822e4446d3262"
  },
  "createdAt": {
    "$date": "2020-05-03T11:10:38.898Z"
  },
  "updatedAt": {
    "$date": "2020-05-03T11:37:10.567Z"
  },
  "__v": 0,
  "updatedBy": {
    "$oid": "5e79bdb8296822e4446d3262"
  }
},{
  "_id": {
    "$oid": "5eaea820b929705cac952093"
  },
  "assignedUsers": [
    {
      "_id": "5ea2ceca26f63005159f0d9f",
      "email": "chowdary716@gmail.com",
      "first_name": "chowdary",
      "last_name": "g"
    },
    {
      "_id": "5e8ad5246e6d297f8494be16",
      "email": "jyotheeswar.chowdary@smarterp.com",
      "first_name": "Jyotheeswar Chowdary",
      "last_name": "G"
    }
  ],
  "tags": [
    {
      "color": "#ffb300",
      "name": "API"
    }
  ],
  "status": "To Do",
  "task_priority": false,
  "starred": false,
  "task_name": " Vivamus varius nisl in mi consequat fermentum. Curabitur mollis pellentesque elit id gravida. Vivamus leo metus, posuere non bibendum vel, ultrnsequat ut. Suspendisse potenti.",
  "task_desc": " Vivamus varius nisl in mi consequat fermentum. Curabitur mollis pellentesque elit id gravida. Vivamus leo metus, posuere non bibendum vel, ultrnsequat ut. Suspendisse potenti.",
  "start_date": {
    "$date": "2020-05-02T18:30:00Z"
  },
  "end_date": {
    "$date": "2020-05-19T18:30:00Z"
  },
  "createdBy": {
    "$oid": "5e79bdb8296822e4446d3262"
  },
  "projectId": {
    "$oid": "5ea3f093b7ea5f6b3429516d"
  },
  "ticketId": {
    "$oid": "5ea3f10fb7ea5f6b3429516e"
  },
  "userId": {
    "$oid": "5e79bdb8296822e4446d3262"
  },
  "createdAt": {
    "$date": "2020-05-03T11:16:48.147Z"
  },
  "updatedAt": {
    "$date": "2020-05-03T11:41:48.873Z"
  },
  "__v": 0
},{
  "_id": {
    "$oid": "5eaea847b929705cac952094"
  },
  "assignedUsers": [
    {
      "_id": "5e8ad5246e6d297f8494be16",
      "email": "jyotheeswar.chowdary@smarterp.com",
      "first_name": "Jyotheeswar Chowdary",
      "last_name": "G"
    }
  ],
  "tags": [
    {
      "color": "#f44336",
      "name": "Backend"
    }
  ],
  "status": "Done",
  "task_priority": false,
  "starred": false,
  "task_name": "Proin eget justo id metus varius tristique non blandit augue. Vivamus varius nisl in mi consequat fermentum. Curabitur mollis pellentesque elit id gravida. Vivamus leo metus, posuere non bibendum vel, ultrnsequat ut. Suspendisse potenti.",
  "task_desc": "Proin eget justo id metus varius tristique non blandit augue. Vivamus varius nisl in mi consequat fermentum. Curabitur mollis pellentesque elit id gravida. Vivamus leo metus, posuere non bibendum vel, ultrnsequat ut. Suspendisse potenti.",
  "start_date": {
    "$date": "2020-05-02T18:30:00Z"
  },
  "end_date": {
    "$date": "2020-05-20T18:30:00Z"
  },
  "createdBy": {
    "$oid": "5e79bdb8296822e4446d3262"
  },
  "projectId": {
    "$oid": "5ea3f093b7ea5f6b3429516d"
  },
  "ticketId": {
    "$oid": "5ea3f10fb7ea5f6b3429516e"
  },
  "userId": {
    "$oid": "5e79bdb8296822e4446d3262"
  },
  "createdAt": {
    "$date": "2020-05-03T11:17:27.756Z"
  },
  "updatedAt": {
    "$date": "2020-05-03T11:41:40.811Z"
  },
  "__v": 0,
  "updatedBy": {
    "$oid": "5e79bdb8296822e4446d3262"
  }
},{
  "_id": {
    "$oid": "5eaea8d9b929705cac952095"
  },
  "assignedUsers": [
    {
      "_id": "5e8ad5246e6d297f8494be16",
      "email": "jyotheeswar.chowdary@smarterp.com",
      "first_name": "Jyotheeswar Chowdary",
      "last_name": "G"
    },
    {
      "_id": "5ea2ceca26f63005159f0d9f",
      "email": "chowdary716@gmail.com",
      "first_name": "chowdary",
      "last_name": "g"
    }
  ],
  "tags": [
    {
      "color": "#f44336",
      "name": "Backend"
    },
    {
      "color": "#0729ca",
      "name": "Issue"
    }
  ],
  "status": "To Do",
  "task_priority": false,
  "starred": false,
  "task_name": "Curabitur mollis pellentesque elit id gravida. Vivamus leo metus, posuere non bibendum vel, ultrnsequat ut. Suspendisse potenti.",
  "task_desc": "Curabitur mollis pellentesque elit id gravida. Vivamus leo metus, posuere non bibendum vel, ultrnsequat ut. Suspendisse potenti.",
  "start_date": {
    "$date": "2020-05-02T18:30:00Z"
  },
  "end_date": {
    "$date": "2020-05-14T18:30:00Z"
  },
  "createdBy": {
    "$oid": "5e79bdb8296822e4446d3262"
  },
  "projectId": {
    "$oid": "5ea3f093b7ea5f6b3429516d"
  },
  "ticketId": {
    "$oid": "5ea3f10fb7ea5f6b3429516e"
  },
  "userId": {
    "$oid": "5e79bdb8296822e4446d3262"
  },
  "createdAt": {
    "$date": "2020-05-03T11:19:54.047Z"
  },
  "updatedAt": {
    "$date": "2020-05-03T11:19:54.047Z"
  },
  "__v": 0
},{
  "_id": {
    "$oid": "5eaea959b929705cac952096"
  },
  "assignedUsers": [
    {
      "_id": "5e79bdb8296822e4446d3262",
      "email": "admin@orange.com",
      "first_name": "Admin",
      "last_name": "Admin"
    },
    {
      "_id": "5e8ad5246e6d297f8494be16",
      "email": "jyotheeswar.chowdary@smarterp.com",
      "first_name": "Jyotheeswar Chowdary",
      "last_name": "G"
    }
  ],
  "tags": [
    {
      "color": "#ffb300",
      "name": "API"
    }
  ],
  "status": "To Do",
  "task_priority": false,
  "starred": false,
  "task_name": "Proin eget justo id metus varius tristique non blandit augue. Vivamus varius nisl in mi consequat fermentum. Curabitur mollis pellentesque elit id gravida. Vivamus leo metus, posuere non bibendum vel, ultrnsequat ut. Suspendisse potenti.",
  "task_desc": "Proin eget justo id metus varius tristique non blandit augue. Vivamus varius nisl in mi consequat fermentum. Curabitur mollis pellentesque elit id gravida. Vivamus leo metus, posuere non bibendum vel, ultrnsequat ut. Suspendisse potenti.",
  "start_date": {
    "$date": "2020-05-02T18:30:00Z"
  },
  "end_date": {
    "$date": "2020-05-02T18:30:00Z"
  },
  "createdBy": {
    "$oid": "5e79bdb8296822e4446d3262"
  },
  "projectId": {
    "$oid": "5ea3f093b7ea5f6b3429516d"
  },
  "ticketId": {
    "$oid": "5ea3f10fb7ea5f6b3429516e"
  },
  "userId": {
    "$oid": "5e79bdb8296822e4446d3262"
  },
  "createdAt": {
    "$date": "2020-05-03T11:22:01.531Z"
  },
  "updatedAt": {
    "$date": "2020-05-03T11:22:01.531Z"
  },
  "__v": 0
},{
  "_id": {
    "$oid": "5eaea98eb929705cac952097"
  },
  "assignedUsers": [
    {
      "_id": "5ea2ceca26f63005159f0d9f",
      "email": "chowdary716@gmail.com",
      "first_name": "chowdary",
      "last_name": "g"
    }
  ],
  "tags": [
    {
      "color": "#f44336",
      "name": "Backend"
    }
  ],
  "status": "To Do",
  "task_priority": false,
  "starred": false,
  "task_name": "Metus varius tristique non blandit augue. Vivamus varius nisl in mi consequat fermentum. Curabitur mollis pellentesque elit id gravida. Vivamus leo metus, posuere non bibendum vel, ultrnsequat ut. Suspendisse potenti.",
  "task_desc": "Metus varius tristique non blandit augue. Vivamus varius nisl in mi consequat fermentum. Curabitur mollis pellentesque elit id gravida. Vivamus leo metus, posuere non bibendum vel, ultrnsequat ut. Suspendisse potenti.",
  "start_date": {
    "$date": "2020-05-02T18:30:00Z"
  },
  "end_date": {
    "$date": "2020-05-11T18:30:00Z"
  },
  "createdBy": {
    "$oid": "5e79bdb8296822e4446d3262"
  },
  "projectId": {
    "$oid": "5ea3f093b7ea5f6b3429516d"
  },
  "ticketId": {
    "$oid": "5ea3f10fb7ea5f6b3429516e"
  },
  "userId": {
    "$oid": "5e79bdb8296822e4446d3262"
  },
  "createdAt": {
    "$date": "2020-05-03T11:22:54.545Z"
  },
  "updatedAt": {
    "$date": "2020-05-03T11:41:30.870Z"
  },
  "__v": 0
},{
  "_id": {
    "$oid": "5eaea9f0b929705cac952098"
  },
  "assignedUsers": [
    {
      "_id": "5e8ad5246e6d297f8494be16",
      "email": "jyotheeswar.chowdary@smarterp.com",
      "first_name": "Jyotheeswar Chowdary",
      "last_name": "G"
    }
  ],
  "tags": [
    {
      "color": "#f44336",
      "name": "Backend"
    },
    {
      "color": "#0729ca",
      "name": "Issue"
    }
  ],
  "status": "To Do",
  "task_priority": false,
  "starred": false,
  "task_name": "Tristique non blandit augue. Vivamus varius nisl in mi consequat fermentum. Curabitur mollis pellentesque elit id gravida. Vivamus leo metus, posuere non bibendum vel, ultrnsequat ut. Suspendisse potenti.",
  "task_desc": "Tristique non blandit augue. Vivamus varius nisl in mi consequat fermentum. Curabitur mollis pellentesque elit id gravida. Vivamus leo metus, posuere non bibendum vel, ultrnsequat ut. Suspendisse potenti.",
  "start_date": {
    "$date": "2020-05-02T18:30:00Z"
  },
  "end_date": {
    "$date": "2020-05-13T18:30:00Z"
  },
  "createdBy": {
    "$oid": "5e79bdb8296822e4446d3262"
  },
  "projectId": {
    "$oid": "5ea3f093b7ea5f6b3429516d"
  },
  "ticketId": {
    "$oid": "5ea3f10fb7ea5f6b3429516e"
  },
  "userId": {
    "$oid": "5e79bdb8296822e4446d3262"
  },
  "createdAt": {
    "$date": "2020-05-03T11:24:32.795Z"
  },
  "updatedAt": {
    "$date": "2020-05-03T11:41:21.820Z"
  },
  "__v": 0
},{
  "_id": {
    "$oid": "5eaeaa28b929705cac952099"
  },
  "assignedUsers": [
    {
      "_id": "5e79bdb8296822e4446d3262",
      "email": "admin@orange.com",
      "first_name": "Admin",
      "last_name": "Admin"
    },
    {
      "_id": "5ea2ceca26f63005159f0d9f",
      "email": "chowdary716@gmail.com",
      "first_name": "chowdary",
      "last_name": "g"
    },
    {
      "_id": "5e8ad5246e6d297f8494be16",
      "email": "jyotheeswar.chowdary@smarterp.com",
      "first_name": "Jyotheeswar Chowdary",
      "last_name": "G"
    }
  ],
  "tags": [
    {
      "color": "#49b560",
      "name": "Frontend"
    },
    {
      "color": "#f44336",
      "name": "Backend"
    }
  ],
  "status": "To Do",
  "task_priority": false,
  "starred": false,
  "task_name": "Blandit augue. Vivamus varius nisl in mi consequat fermentum. Curabitur mollis pellentesque elit id gravida. Vivamus leo metus, posuere non bibendum vel, ultrnsequat ut. Suspendisse potenti.",
  "task_desc": "Justo id metus varius tristique non blandit augue. Vivamus varius  pellentesque elit id gravida. Vivamus leo metus, posuere non bibendum vel, ultrnsequat ut. Suspendisse potenti.",
  "start_date": {
    "$date": "2020-05-02T18:30:00Z"
  },
  "end_date": {
    "$date": "2020-05-02T18:30:00Z"
  },
  "createdBy": {
    "$oid": "5e79bdb8296822e4446d3262"
  },
  "projectId": {
    "$oid": "5ea3f093b7ea5f6b3429516d"
  },
  "ticketId": {
    "$oid": "5ea3f10fb7ea5f6b3429516e"
  },
  "userId": {
    "$oid": "5e79bdb8296822e4446d3262"
  },
  "createdAt": {
    "$date": "2020-05-03T11:25:28.406Z"
  },
  "updatedAt": {
    "$date": "2020-05-03T11:41:12.111Z"
  },
  "__v": 0
},{
  "_id": {
    "$oid": "5eaeaa52b929705cac95209a"
  },
  "assignedUsers": [
    {
      "_id": "5e8ad5246e6d297f8494be16",
      "email": "jyotheeswar.chowdary@smarterp.com",
      "first_name": "Jyotheeswar Chowdary",
      "last_name": "G"
    }
  ],
  "tags": [
    {
      "color": "#ffb300",
      "name": "API"
    }
  ],
  "status": "Done",
  "task_priority": true,
  "starred": true,
  "task_name": "Justo id metus varius tristique non blandit augue. Vivamus varius nisl in mi consequat fermentum. Curabitur mollis pellentesque elit id gravida. Vivamus leo metus, posuere non bibendum vel, ultrnsequat ut. Suspendisse potenti.",
  "task_desc": "Justo id metus varius tristique non blandit augue. Vivamus varius nisl in mi consequat fermentum. Curabitur mollis pellentesque elit id gravida. Vivamus leo metus, posuere non bibendum vel, ultrnsequat ut. Suspendisse potenti.",
  "start_date": {
    "$date": "2020-05-02T18:30:00Z"
  },
  "end_date": {
    "$date": "2020-05-02T18:30:00Z"
  },
  "createdBy": {
    "$oid": "5e79bdb8296822e4446d3262"
  },
  "projectId": {
    "$oid": "5ea3f093b7ea5f6b3429516d"
  },
  "ticketId": {
    "$oid": "5ea3f10fb7ea5f6b3429516e"
  },
  "userId": {
    "$oid": "5e79bdb8296822e4446d3262"
  },
  "createdAt": {
    "$date": "2020-05-03T11:26:10.995Z"
  },
  "updatedAt": {
    "$date": "2020-05-03T11:41:04.380Z"
  },
  "__v": 0,
  "updatedBy": {
    "$oid": "5e79bdb8296822e4446d3262"
  }
},{
  "_id": {
    "$oid": "5eaeaacdb929705cac95209b"
  },
  "assignedUsers": [
    {
      "_id": "5e8ad5246e6d297f8494be16",
      "email": "jyotheeswar.chowdary@smarterp.com",
      "first_name": "Jyotheeswar Chowdary",
      "last_name": "G"
    },
    {
      "_id": "5ea2ceca26f63005159f0d9f",
      "email": "chowdary716@gmail.com",
      "first_name": "chowdary",
      "last_name": "g"
    }
  ],
  "tags": [
    {
      "color": "#49b560",
      "name": "Frontend"
    },
    {
      "color": "#f44336",
      "name": "Backend"
    }
  ],
  "status": "To Do",
  "task_priority": false,
  "starred": false,
  "task_name": "Id metus varius tristique non blandit augue. Vivamus varius nisl in mi consequat fermentum. Curabitur mollis pellentesque elit id gravida. Vivamus leo metus, posuere non bibendum vel, ultrnsequat ut. Suspendisse potenti.",
  "task_desc": "Id metus varius tristique non blandit augue. Vivamus varius nisl in mi consequat fermentum. Curabitur mollis pellentesque elit id gravida. Vivamus leo metus, posuere non bibendum vel, ultrnsequat ut. Suspendisse potenti.",
  "start_date": {
    "$date": "2020-05-02T18:30:00Z"
  },
  "end_date": {
    "$date": "2020-05-02T18:30:00Z"
  },
  "createdBy": {
    "$oid": "5e79bdb8296822e4446d3262"
  },
  "projectId": {
    "$oid": "5ea3f093b7ea5f6b3429516d"
  },
  "ticketId": {
    "$oid": "5ea3f10fb7ea5f6b3429516e"
  },
  "userId": {
    "$oid": "5e79bdb8296822e4446d3262"
  },
  "createdAt": {
    "$date": "2020-05-03T11:28:13.152Z"
  },
  "updatedAt": {
    "$date": "2020-05-03T11:40:57.619Z"
  },
  "__v": 0
},{
  "_id": {
    "$oid": "5eaeac2fb929705cac95209e"
  },
  "assignedUsers": [
    {
      "_id": "5e8ad5246e6d297f8494be16",
      "email": "jyotheeswar.chowdary@smarterp.com",
      "first_name": "Jyotheeswar Chowdary",
      "last_name": "G"
    },
    {
      "_id": "5ea2ceca26f63005159f0d9f",
      "email": "chowdary716@gmail.com",
      "first_name": "chowdary",
      "last_name": "g"
    }
  ],
  "tags": [
    {
      "color": "#ffb300",
      "name": "API"
    }
  ],
  "status": "To Do",
  "task_priority": false,
  "starred": false,
  "task_name": "Proin eget justo id metus varius tristique non blandit augue. Vivamus varius nisl in mi consequat fermentum. Curabitur mollis pellentesque elit id gravida. Vivamus leo metus, posuere non bibendum vel, ultrnsequat ut. Suspendisse potenti.",
  "task_desc": "Proin eget justo id metus varius tristique non blandit augue. Vivamus varius nisl in mi consequat fermentum. Curabitur mollis pellentesque elit id gravida. Vivamus leo metus, posuere non bibendum vel, ultrnsequat ut. Suspendisse potenti.",
  "start_date": {
    "$date": "2020-05-02T18:30:00Z"
  },
  "end_date": {
    "$date": "2020-05-02T18:30:00Z"
  },
  "createdBy": {
    "$oid": "5e79bdb8296822e4446d3262"
  },
  "projectId": {
    "$oid": "5ea3f093b7ea5f6b3429516d"
  },
  "ticketId": {
    "$oid": "5ea3f10fb7ea5f6b3429516e"
  },
  "userId": {
    "$oid": "5e79bdb8296822e4446d3262"
  },
  "createdAt": {
    "$date": "2020-05-03T11:34:07.572Z"
  },
  "updatedAt": {
    "$date": "2020-05-03T11:40:49.236Z"
  },
  "__v": 0
},{
  "_id": {
    "$oid": "5eaeac52b929705cac95209f"
  },
  "assignedUsers": [
    {
      "_id": "5ea2ceca26f63005159f0d9f",
      "email": "chowdary716@gmail.com",
      "first_name": "chowdary",
      "last_name": "g"
    },
    {
      "_id": "5e79bdb8296822e4446d3262",
      "email": "admin@orange.com",
      "first_name": "Admin",
      "last_name": "Admin"
    }
  ],
  "tags": [
    {
      "color": "#f44336",
      "name": "Backend"
    }
  ],
  "status": "To Do",
  "task_priority": false,
  "starred": false,
  "task_name": "Non blandit augue. Vivamus varius nisl in mi consequat fermentum. Curabitur mollis pellentesque elit id gravida. Vivamus leo metus, posuere non bibendum vel, ultrnsequat ut. Suspendisse potenti.",
  "task_desc": "Non blandit augue. Vivamus varius nisl in mi consequat fermentum. Curabitur mollis pellentesque elit id gravida. Vivamus leo metus, posuere non bibendum vel, ultrnsequat ut. Suspendisse potenti.",
  "start_date": {
    "$date": "2020-05-02T18:30:00Z"
  },
  "end_date": {
    "$date": "2020-05-02T18:30:00Z"
  },
  "createdBy": {
    "$oid": "5e79bdb8296822e4446d3262"
  },
  "projectId": {
    "$oid": "5ea3f093b7ea5f6b3429516d"
  },
  "ticketId": {
    "$oid": "5ea3f10fb7ea5f6b3429516e"
  },
  "userId": {
    "$oid": "5e79bdb8296822e4446d3262"
  },
  "createdAt": {
    "$date": "2020-05-03T11:34:42.574Z"
  },
  "updatedAt": {
    "$date": "2020-05-03T11:40:39.817Z"
  },
  "__v": 0
},{
  "_id": {
    "$oid": "5eaeac82b929705cac9520a0"
  },
  "assignedUsers": [
    {
      "_id": "5e8ad5246e6d297f8494be16",
      "email": "jyotheeswar.chowdary@smarterp.com",
      "first_name": "Jyotheeswar Chowdary",
      "last_name": "G"
    },
    {
      "_id": "5ea2ceca26f63005159f0d9f",
      "email": "chowdary716@gmail.com",
      "first_name": "chowdary",
      "last_name": "g"
    },
    {
      "_id": "5e79bdb8296822e4446d3262",
      "email": "admin@orange.com",
      "first_name": "Admin",
      "last_name": "Admin"
    }
  ],
  "tags": [
    {
      "color": "#0729ca",
      "name": "Issue"
    }
  ],
  "status": "To Do",
  "task_priority": false,
  "starred": false,
  "task_name": "Curabitur mollis pellentesque elit id gravida. Vivamus leo metus, posuere non bibendum vel, ultrnsequat ut. Suspendisse potenti.",
  "task_desc": "Curabitur mollis pellentesque elit id gravida. Vivamus leo metus, posuere non bibendum vel, ultrnsequat ut. Suspendisse potenti.",
  "start_date": {
    "$date": "2020-05-02T18:30:00Z"
  },
  "end_date": {
    "$date": "2020-05-02T18:30:00Z"
  },
  "createdBy": {
    "$oid": "5e79bdb8296822e4446d3262"
  },
  "projectId": {
    "$oid": "5ea3f093b7ea5f6b3429516d"
  },
  "ticketId": {
    "$oid": "5ea3f10fb7ea5f6b3429516e"
  },
  "userId": {
    "$oid": "5e79bdb8296822e4446d3262"
  },
  "createdAt": {
    "$date": "2020-05-03T11:35:30.321Z"
  },
  "updatedAt": {
    "$date": "2020-05-03T11:40:32.485Z"
  },
  "__v": 0
},{
  "_id": {
    "$oid": "5eaeacadb929705cac9520a1"
  },
  "assignedUsers": [
    {
      "_id": "5e79bdb8296822e4446d3262",
      "email": "admin@orange.com",
      "first_name": "Admin",
      "last_name": "Admin"
    }
  ],
  "tags": [
    {
      "color": "#f44336",
      "name": "Backend"
    },
    {
      "color": "#ffb300",
      "name": "API"
    }
  ],
  "status": "To Do",
  "task_priority": false,
  "starred": false,
  "task_name": "Consequat fermentum. Curabitur mollis pellentesque elit id gravida. Vivamus leo metus, posuere non bibendum vel, ultrnsequat ut. Suspendisse potenti.",
  "task_desc": "Consequat fermentum. Curabitur mollis pellentesque elit id gravida. Vivamus leo metus, posuere non bibendum vel, ultrnsequat ut. Suspendisse potenti.",
  "start_date": {
    "$date": "2020-05-02T18:30:00Z"
  },
  "end_date": {
    "$date": "2020-05-02T18:30:00Z"
  },
  "createdBy": {
    "$oid": "5e79bdb8296822e4446d3262"
  },
  "projectId": {
    "$oid": "5ea3f093b7ea5f6b3429516d"
  },
  "ticketId": {
    "$oid": "5ea3f10fb7ea5f6b3429516e"
  },
  "userId": {
    "$oid": "5e79bdb8296822e4446d3262"
  },
  "createdAt": {
    "$date": "2020-05-03T11:36:13.430Z"
  },
  "updatedAt": {
    "$date": "2020-05-03T11:40:24.314Z"
  },
  "__v": 0
},{
  "_id": {
    "$oid": "5eaeacdab929705cac9520a2"
  },
  "assignedUsers": [
    {
      "_id": "5e8ad5246e6d297f8494be16",
      "email": "jyotheeswar.chowdary@smarterp.com",
      "first_name": "Jyotheeswar Chowdary",
      "last_name": "G"
    }
  ],
  "tags": [
    {
      "color": "#49b560",
      "name": "Frontend"
    },
    {
      "color": "#f44336",
      "name": "Backend"
    },
    {
      "color": "#d700ff",
      "name": "Mobile"
    }
  ],
  "status": "To Do",
  "task_priority": false,
  "starred": false,
  "task_name": "Mollis pellentesque elit id gravida. Vivamus leo metus, posuere non bibendum vel, ultrnsequat ut. Suspendisse potenti.",
  "task_desc": "Mollis pellentesque elit id gravida. Vivamus leo metus, posuere non bibendum vel, ultrnsequat ut. Suspendisse potenti.",
  "start_date": {
    "$date": "2020-05-02T18:30:00Z"
  },
  "end_date": {
    "$date": "2020-05-02T18:30:00Z"
  },
  "createdBy": {
    "$oid": "5e79bdb8296822e4446d3262"
  },
  "projectId": {
    "$oid": "5ea3f093b7ea5f6b3429516d"
  },
  "ticketId": {
    "$oid": "5ea3f10fb7ea5f6b3429516e"
  },
  "userId": {
    "$oid": "5e79bdb8296822e4446d3262"
  },
  "createdAt": {
    "$date": "2020-05-03T11:36:58.305Z"
  },
  "updatedAt": {
    "$date": "2020-05-03T17:48:52.830Z"
  },
  "__v": 0
},{
  "_id": {
    "$oid": "5eaf02a8f42ce049583fb897"
  },
  "assignedUsers": [
    {
      "_id": "5ea2ceca26f63005159f0d9f",
      "email": "chowdary716@gmail.com",
      "first_name": "chowdary",
      "last_name": "g"
    }
  ],
  "tags": [
    {
      "color": "#f44336",
      "name": "Backend"
    }
  ],
  "status": "To Do",
  "task_priority": false,
  "starred": false,
  "task_name": "Proin eget justo id metus varius tristique non blandit augue. Vivamus varius nisl in mi consequat fermentum. Curabitur mollis pellentesque elit id gravida. Vivamus leo metus, posuere non bibendum vel, ultrnsequat ut. Suspendisse potenti.",
  "task_desc": "Proin eget justo id metus varius tristique non blandit augue. Vivamus varius nisl in mi consequat fermentum. Curabitur mollis pellentesque elit id gravida. Vivamus leo metus, posuere non bibendum vel, ultrnsequat ut. Suspendisse potenti.",
  "start_date": {
    "$date": "2020-05-02T18:30:00Z"
  },
  "end_date": {
    "$date": "2020-05-11T18:30:00Z"
  },
  "createdBy": {
    "$oid": "5e79bdb8296822e4446d3262"
  },
  "projectId": {
    "$oid": "5ea3f093b7ea5f6b3429516d"
  },
  "ticketId": {
    "$oid": "5eaf01a4f42ce049583fb893"
  },
  "userId": {
    "$oid": "5e79bdb8296822e4446d3262"
  },
  "createdAt": {
    "$date": "2020-05-03T17:43:04.526Z"
  },
  "updatedAt": {
    "$date": "2020-05-03T17:43:04.526Z"
  },
  "__v": 0
},{
  "_id": {
    "$oid": "5eaf02c0f42ce049583fb898"
  },
  "assignedUsers": [
    {
      "_id": "5e8ad5246e6d297f8494be16",
      "email": "jyotheeswar.chowdary@smarterp.com",
      "first_name": "Jyotheeswar Chowdary",
      "last_name": "G"
    }
  ],
  "tags": [],
  "status": "To Do",
  "task_priority": false,
  "starred": false,
  "task_name": " Curabitur mollis pellentesque elit id gravida. Vivamus leo metus, posuere non bibendum vel, ultrnsequat ut. Suspendisse potenti.",
  "task_desc": "Curabitur mollis pellentesque elit id gravida. Vivamus leo metus, posuere non bibendum vel, ultrnsequat ut. Suspendisse potenti.",
  "start_date": {
    "$date": "2020-05-02T18:30:00Z"
  },
  "end_date": {
    "$date": "2020-05-12T18:30:00Z"
  },
  "createdBy": {
    "$oid": "5e79bdb8296822e4446d3262"
  },
  "projectId": {
    "$oid": "5ea3f093b7ea5f6b3429516d"
  },
  "ticketId": {
    "$oid": "5eaf01a4f42ce049583fb893"
  },
  "userId": {
    "$oid": "5e79bdb8296822e4446d3262"
  },
  "createdAt": {
    "$date": "2020-05-03T17:43:28.350Z"
  },
  "updatedAt": {
    "$date": "2020-05-03T17:43:28.350Z"
  },
  "__v": 0
},{
  "_id": {
    "$oid": "5eaf02def42ce049583fb899"
  },
  "assignedUsers": [
    {
      "_id": "5e79bdb8296822e4446d3262",
      "email": "admin@orange.com",
      "first_name": "Admin",
      "last_name": "Admin"
    }
  ],
  "tags": [],
  "status": "To Do",
  "task_priority": false,
  "starred": false,
  "task_name": "Vivamus varius nisl in mi consequat fermentum. Curabitur mollis pellentesque elit id gravida. Vivamus leo metus, posuere non bibendum vel, ultrnsequat ut. Suspendisse potenti.",
  "task_desc": "Vivamus varius nisl in mi consequat fermentum. Curabitur mollis pellentesque elit id gravida. Vivamus leo metus, posuere non bibendum vel, ultrnsequat ut. Suspendisse potenti.",
  "start_date": {
    "$date": "2020-05-02T18:30:00Z"
  },
  "end_date": {
    "$date": "2020-05-19T18:30:00Z"
  },
  "createdBy": {
    "$oid": "5e79bdb8296822e4446d3262"
  },
  "projectId": {
    "$oid": "5ea3f093b7ea5f6b3429516d"
  },
  "ticketId": {
    "$oid": "5eaf01a4f42ce049583fb893"
  },
  "userId": {
    "$oid": "5e79bdb8296822e4446d3262"
  },
  "createdAt": {
    "$date": "2020-05-03T17:43:58.049Z"
  },
  "updatedAt": {
    "$date": "2020-05-03T17:43:58.049Z"
  },
  "__v": 0
},{
  "_id": {
    "$oid": "5eaf0301f42ce049583fb89a"
  },
  "assignedUsers": [
    {
      "_id": "5e8ad5246e6d297f8494be16",
      "email": "jyotheeswar.chowdary@smarterp.com",
      "first_name": "Jyotheeswar Chowdary",
      "last_name": "G"
    },
    {
      "_id": "5e79bdb8296822e4446d3262",
      "email": "admin@orange.com",
      "first_name": "Admin",
      "last_name": "Admin"
    },
    {
      "_id": "5ea2ceca26f63005159f0d9f",
      "email": "chowdary716@gmail.com",
      "first_name": "chowdary",
      "last_name": "g"
    }
  ],
  "tags": [],
  "status": "To Do",
  "task_priority": false,
  "starred": false,
  "task_name": "Pellentesque elit id gravida. Vivamus leo metus, posuere non bibendum vel, ultrnsequat ut. Suspendisse potenti.",
  "task_desc": "Pellentesque elit id gravida. Vivamus leo metus, posuere non bibendum vel, ultrnsequat ut. Suspendisse potenti.",
  "start_date": {
    "$date": "2020-05-02T18:30:00Z"
  },
  "end_date": {
    "$date": "2020-05-13T18:30:00Z"
  },
  "createdBy": {
    "$oid": "5e79bdb8296822e4446d3262"
  },
  "projectId": {
    "$oid": "5ea3f093b7ea5f6b3429516d"
  },
  "ticketId": {
    "$oid": "5eaf01a4f42ce049583fb893"
  },
  "userId": {
    "$oid": "5e79bdb8296822e4446d3262"
  },
  "createdAt": {
    "$date": "2020-05-03T17:44:33.396Z"
  },
  "updatedAt": {
    "$date": "2020-05-03T17:44:33.396Z"
  },
  "__v": 0
},{
  "_id": {
    "$oid": "5eaf0325f42ce049583fb89b"
  },
  "assignedUsers": [
    {
      "_id": "5e8ad5246e6d297f8494be16",
      "email": "jyotheeswar.chowdary@smarterp.com",
      "first_name": "Jyotheeswar Chowdary",
      "last_name": "G"
    },
    {
      "_id": "5ea2ceca26f63005159f0d9f",
      "email": "chowdary716@gmail.com",
      "first_name": "chowdary",
      "last_name": "g"
    }
  ],
  "tags": [
    {
      "color": "#f44336",
      "name": "Backend"
    },
    {
      "color": "#d700ff",
      "name": "Mobile"
    }
  ],
  "status": "To Do",
  "task_priority": false,
  "starred": false,
  "task_name": "Mollis pellentesque elit id gravida ivamus leo metus, posuere non bibendum vel, ultrnsequat ut. Suspendisse potenti.",
  "task_desc": "Mellentesque elit id gravida. Vivamus leo metus, posuere non bibendum vel, ultrnsequat ut. Suspendisse potenti.",
  "start_date": {
    "$date": "2020-05-02T18:30:00Z"
  },
  "end_date": {
    "$date": "2020-05-12T18:30:00Z"
  },
  "createdBy": {
    "$oid": "5e79bdb8296822e4446d3262"
  },
  "projectId": {
    "$oid": "5ea3f093b7ea5f6b3429516d"
  },
  "ticketId": {
    "$oid": "5eaf01a4f42ce049583fb893"
  },
  "userId": {
    "$oid": "5e79bdb8296822e4446d3262"
  },
  "createdAt": {
    "$date": "2020-05-03T17:45:09.901Z"
  },
  "updatedAt": {
    "$date": "2020-05-03T17:49:41.852Z"
  },
  "__v": 0
},{
  "_id": {
    "$oid": "5eaf036df42ce049583fb89c"
  },
  "assignedUsers": [
    {
      "_id": "5e8ad5246e6d297f8494be16",
      "email": "jyotheeswar.chowdary@smarterp.com",
      "first_name": "Jyotheeswar Chowdary",
      "last_name": "G"
    },
    {
      "_id": "5e79bdb8296822e4446d3262",
      "email": "admin@orange.com",
      "first_name": "Admin",
      "last_name": "Admin"
    },
    {
      "_id": "5ea2ceca26f63005159f0d9f",
      "email": "chowdary716@gmail.com",
      "first_name": "chowdary",
      "last_name": "g"
    }
  ],
  "tags": [
    {
      "color": "#f44336",
      "name": "Backend"
    },
    {
      "color": "#0729ca",
      "name": "Issue"
    }
  ],
  "status": "To Do",
  "task_priority": false,
  "starred": false,
  "task_name": "Curabitur mollis pellentesque elit id gravida. Vivamus leo metus, posuere non bibendum vel, ultrnsequat ut. Suspendisse potenti.",
  "task_desc": "Curabitur mollis pellentesque elit id gravida. Vivamus leo metus, posuere non bibendum vel, ultrnsequat ut. Suspendisse potenti.",
  "start_date": {
    "$date": "2020-05-02T18:30:00Z"
  },
  "end_date": {
    "$date": "2020-05-10T18:30:00Z"
  },
  "createdBy": {
    "$oid": "5e79bdb8296822e4446d3262"
  },
  "projectId": {
    "$oid": "5ea3f093b7ea5f6b3429516d"
  },
  "ticketId": {
    "$oid": "5eaf01a4f42ce049583fb893"
  },
  "userId": {
    "$oid": "5e79bdb8296822e4446d3262"
  },
  "createdAt": {
    "$date": "2020-05-03T17:46:21.724Z"
  },
  "updatedAt": {
    "$date": "2020-05-03T17:46:21.724Z"
  },
  "__v": 0
},{
  "_id": {
    "$oid": "5eafcc8681c48eccfc3c8c28"
  },
  "assignedUsers": [
    {
      "_id": "5e8ad5246e6d297f8494be16",
      "email": "jyotheeswar.chowdary@smarterp.com",
      "first_name": "Jyotheeswar Chowdary",
      "last_name": "G"
    }
  ],
  "tags": [
    {
      "color": "#009cb5",
      "name": "future"
    },
    {
      "color": "#000",
      "name": "Other"
    }
  ],
  "status": "To Do",
  "task_priority": false,
  "starred": false,
  "task_name": "Non blandit augue. Vivamus varius nisl in mi consequat fermentum. Curabitur mollis pellentesque elit id gravida. Vivamus leo metus, posuere non bibendum vel, ultrnsequat ut. Suspendisse potenti.",
  "task_desc": "Non blandit augue. Vivamus varius nisl in mi consequat fermentum. Curabitur mollis pellentesque elit id gravida. Vivamus leo metus, posuere non bibendum vel, ultrnsequat ut. Suspendisse potenti.",
  "start_date": {
    "$date": "2020-05-03T18:30:00Z"
  },
  "end_date": {
    "$date": "2020-05-11T18:30:00Z"
  },
  "createdBy": {
    "$oid": "5e79bdb8296822e4446d3262"
  },
  "projectId": {
    "$oid": "5ea3f093b7ea5f6b3429516d"
  },
  "ticketId": {
    "$oid": "5eaf017ff42ce049583fb892"
  },
  "userId": {
    "$oid": "5e79bdb8296822e4446d3262"
  },
  "createdAt": {
    "$date": "2020-05-04T08:04:22.513Z"
  },
  "updatedAt": {
    "$date": "2020-05-04T08:04:38.599Z"
  },
  "__v": 0
},{
  "_id": {
    "$oid": "5eafccca81c48eccfc3c8c29"
  },
  "assignedUsers": [
    {
      "_id": "5ea2ceca26f63005159f0d9f",
      "email": "chowdary716@gmail.com",
      "first_name": "chowdary",
      "last_name": "g"
    }
  ],
  "tags": [
    {
      "color": "#009cb5",
      "name": "future"
    },
    {
      "color": "#000",
      "name": "Other"
    }
  ],
  "status": "To Do",
  "task_priority": false,
  "starred": false,
  "task_name": "Non blandit augue. Vivamus varius nisl in mi consequat fermentum. Curabitur mollis pellentesque elit id gravida. Vivamus leo metus, posuere non bibendum vel, ultrnsequat ut. Suspendisse potenti.",
  "task_desc": "Non blandit augue. Vivamus varius nisl in mi consequat fermentum. Curabitur mollis pellentesque elit id gravida. Vivamus leo metus, posuere non bibendum vel, ultrnsequat ut. Suspendisse potenti.",
  "start_date": {
    "$date": "2020-05-03T18:30:00Z"
  },
  "end_date": {
    "$date": "2020-05-06T18:30:00Z"
  },
  "createdBy": {
    "$oid": "5e79bdb8296822e4446d3262"
  },
  "projectId": {
    "$oid": "5ea3f093b7ea5f6b3429516d"
  },
  "ticketId": {
    "$oid": "5ea3f10fb7ea5f6b3429516e"
  },
  "userId": {
    "$oid": "5e79bdb8296822e4446d3262"
  },
  "createdAt": {
    "$date": "2020-05-04T08:05:30.122Z"
  },
  "updatedAt": {
    "$date": "2020-05-04T08:05:30.122Z"
  },
  "__v": 0
}]