[{
  "_id": {
    "$oid": "5ea3f10fb7ea5f6b3429516e"
  },
  "status": "New",
  "ticket_priority": "Medium",
  "ticket_name": "Lorem Ipsum is simply dummy text of the printing and typesetting industry. (Lorem Ipsum has been the industry).",
  "ticket_desc": "simply dummy text of the printing and typesetting, the printing and typesetting.",
  "createdBy": {
    "$oid": "5e8ad5246e6d297f8494be16"
  },
  "updatedBy": {
    "$oid": "5e8ad5246e6d297f8494be16"
  },
  "projectId": {
    "$oid": "5ea3f093b7ea5f6b3429516d"
  },
  "userId": {
    "$oid": "5e8ad5246e6d297f8494be16"
  },
  "createdAt": {
    "$date": "2020-05-03T17:38:44.944Z"
  },
  "updatedAt": {
    "$date": "2020-04-25T08:13:03.495Z"
  },
  "__v": 0
},{
  "_id": {
    "$oid": "5eaf012ff42ce049583fb88f"
  },
  "status": "New",
  "ticket_priority": "Medium",
  "ticket_name": "Proin eget justo id metus varius tristique non blandit augue. Vivamus varius nisl in mi consequat fermentum. Curabitur mollis pellentesque elit id gravida.",
  "ticket_desc": "Proin eget justo id metus varius tristique non blandit augue. Vivamus varius nisl in mi consequat fermentum. Curabitur mollis pellentesque elit id gravida. Vivamus leo metus, posuere non bibendum vel, ultrnsequat ut. Suspendisse potenti.",
  "createdBy": {
    "$oid": "5e79bdb8296822e4446d3262"
  },
  "updatedBy": {
    "$oid": "5e79bdb8296822e4446d3262"
  },
  "projectId": {
    "$oid": "5ea3f093b7ea5f6b3429516d"
  },
  "userId": {
    "$oid": "5e79bdb8296822e4446d3262"
  },
  "createdAt": {
    "$date": "2020-05-03T17:36:47.281Z"
  },
  "updatedAt": {
    "$date": "2020-05-03T17:36:47.281Z"
  },
  "__v": 0
},{
  "_id": {
    "$oid": "5eaf014cf42ce049583fb890"
  },
  "status": "New",
  "ticket_priority": "Medium",
  "ticket_name": "Vivamus varius nisl in mi consequat fermentum. Curabitur mollis pellentesque elit id gravida. Vivamus leo metus, posuere non bibendum vel, ultrnsequat ut. Suspendisse potenti.",
  "ticket_desc": "Curabitur mollis pellentesque elit id gravida. Vivamus leo metus, posuere non bibendum vel, ultrnsequat ut. Suspendisse potenti.",
  "createdBy": {
    "$oid": "5e79bdb8296822e4446d3262"
  },
  "updatedBy": {
    "$oid": "5e79bdb8296822e4446d3262"
  },
  "projectId": {
    "$oid": "5ea3f093b7ea5f6b3429516d"
  },
  "userId": {
    "$oid": "5e79bdb8296822e4446d3262"
  },
  "createdAt": {
    "$date": "2020-05-03T17:37:16.241Z"
  },
  "updatedAt": {
    "$date": "2020-05-03T17:37:16.241Z"
  },
  "__v": 0
},{
  "_id": {
    "$oid": "5eaf0166f42ce049583fb891"
  },
  "status": "New",
  "ticket_priority": "Low",
  "ticket_name": "Ultrnsequat ut. Suspendisse potenti.",
  "ticket_desc": "Curabitur mollis pellentesque elit id gravida. Vivamus leo metus, posuere non bibendum vel, ultrnsequat ut. Suspendisse potenti.",
  "createdBy": {
    "$oid": "5e79bdb8296822e4446d3262"
  },
  "updatedBy": {
    "$oid": "5e79bdb8296822e4446d3262"
  },
  "projectId": {
    "$oid": "5ea3f093b7ea5f6b3429516d"
  },
  "userId": {
    "$oid": "5e79bdb8296822e4446d3262"
  },
  "createdAt": {
    "$date": "2020-05-03T17:37:42.268Z"
  },
  "updatedAt": {
    "$date": "2020-05-03T17:37:42.268Z"
  },
  "__v": 0
},{
  "_id": {
    "$oid": "5eaf017ff42ce049583fb892"
  },
  "status": "New",
  "ticket_priority": "Low",
  "ticket_name": "Posuere non bibendum vel, ultrnsequat ut. Suspendisse potenti.",
  "ticket_desc": "Pellentesque elit id gravida. Vivamus leo metus, posuere non bibendum vel, ultrnsequat ut. Suspendisse potenti.",
  "createdBy": {
    "$oid": "5e79bdb8296822e4446d3262"
  },
  "updatedBy": {
    "$oid": "5e79bdb8296822e4446d3262"
  },
  "projectId": {
    "$oid": "5ea3f093b7ea5f6b3429516d"
  },
  "userId": {
    "$oid": "5e79bdb8296822e4446d3262"
  },
  "createdAt": {
    "$date": "2020-05-03T17:38:07.319Z"
  },
  "updatedAt": {
    "$date": "2020-05-03T17:38:07.319Z"
  },
  "__v": 0
},{
  "_id": {
    "$oid": "5eaf01a4f42ce049583fb893"
  },
  "status": "New",
  "ticket_priority": "Low",
  "ticket_name": "Lorem Ipsum has been the industry",
  "ticket_desc": "Lorem Ipsum has been the industry",
  "createdBy": {
    "$oid": "5e79bdb8296822e4446d3262"
  },
  "updatedBy": {
    "$oid": "5e79bdb8296822e4446d3262"
  },
  "projectId": {
    "$oid": "5ea3f093b7ea5f6b3429516d"
  },
  "userId": {
    "$oid": "5e79bdb8296822e4446d3262"
  },
  "createdAt": {
    "$date": "2020-05-03T17:38:44.944Z"
  },
  "updatedAt": {
    "$date": "2020-05-03T17:38:44.944Z"
  },
  "__v": 0
}]