[{
  "_id": {
    "$oid": "5e79bdb8296822e4446d3264"
  },
  "address1": "Bangalore",
  "address2": "Bangalore",
  "city": "Bangalore",
  "state": "Karnataka",
  "country": "India",
  "zip_code": 517416,
  "userId": {
    "$oid": "5e79bdb8296822e4446d3262"
  },
  "createdAt": {
    "$date": "2020-03-24T07:58:48.925Z"
  },
  "updatedAt": {
    "$date": "2020-04-02T11:39:11.838Z"
  },
  "__v": 0
},{
  "_id": {
    "$oid": "5e80e6adc86063828489baff"
  },
  "address1": "K.B.N. KANDIGA",
  "address2": "K.B.N. KANDIGA",
  "city": "CHITTOOR",
  "state": "ANDHRA PRADESH",
  "country": "India",
  "zip_code": 517416,
  "userId": {
    "$oid": "5e80e6adc86063828489bafd"
  },
  "createdAt": {
    "$date": "2020-03-29T18:19:25.462Z"
  },
  "updatedAt": {
    "$date": "2020-04-22T07:22:28.206Z"
  },
  "__v": 0
},{
  "_id": {
    "$oid": "5e8ad5256e6d297f8494be18"
  },
  "address1": "Bangalore",
  "address2": "bangaore",
  "city": "bangalore",
  "state": "Karnataka",
  "country": "india",
  "zip_code": 517416,
  "userId": {
    "$oid": "5e8ad5246e6d297f8494be16"
  },
  "createdAt": {
    "$date": "2020-04-06T07:07:17.040Z"
  },
  "updatedAt": {
    "$date": "2020-04-06T07:18:19.679Z"
  },
  "__v": 0
},{
  "_id": {
    "$oid": "5ea2cecb26f63005159f0da1"
  },
  "address1": "K.B.N. KANDIGA",
  "address2": "K.B.N. KANDIGA",
  "city": "CHITTOOR",
  "state": "ANDHRA PRADESH",
  "country": "India",
  "zip_code": 517416,
  "userId": {
    "$oid": "5ea2ceca26f63005159f0d9f"
  },
  "createdAt": {
    "$date": "2020-04-24T11:34:35.101Z"
  },
  "updatedAt": {
    "$date": "2020-04-24T14:15:10.520Z"
  },
  "__v": 0
}]